op,element_type,analysis,n,sparsity,mean_ns,std_ns
IDXMAX,double,min,1024,0.25,1261209.0,5487.24267936294
IDXMAX,double,min,1024,1.0,1274279.0,35463.73090919791
IDXMAX,double,min,2048,0.25,5218089.0,7277.529266325349
IDXMAX,double,min,2048,1.0,5224005.0,11593.556879194157
IDXMAX,double,min,4096,0.25,21425910.0,14398.259925730415
IDXMAX,double,min,4096,1.0,21455410.0,58505.92467624291
IDXMAX,double,"min, max",1024,0.25,1259955.0,6151.639799453657
IDXMAX,double,"min, max",1024,1.0,1283321.0,34991.23809374762
IDXMAX,double,"min, max",2048,0.25,5212555.0,9769.901910118306
IDXMAX,double,"min, max",2048,1.0,5221974.0,10870.654891853512
IDXMAX,double,"min, max",4096,0.25,21429730.0,14040.105254433234
IDXMAX,double,"min, max",4096,1.0,21473750.0,74455.6877910913
IDXMAX,double,"min, max, mean, sparsity, numDistinctApprox",1024,0.25,1384118.0,2994.4645227114815
IDXMAX,double,"min, max, mean, sparsity, numDistinctApprox",1024,1.0,1390603.0,18878.61697500345
IDXMAX,double,"min, max, mean, sparsity, numDistinctApprox",2048,0.25,5393614.0,1800.4949936675648
IDXMAX,double,"min, max, mean, sparsity, numDistinctApprox",2048,1.0,5391701.0,3378.8112636777223
IDXMAX,double,"min, max, mean, sparsity, numDistinctApprox",4096,0.25,21089170.0,6648.8177729414265
IDXMAX,double,"min, max, mean, sparsity, numDistinctApprox",4096,1.0,21101260.0,22961.2814199127
IDXMAX,double,numDistinct,1024,0.25,1350849.0,2246.8024192418666
IDXMAX,double,numDistinct,1024,1.0,1358085.0,18195.952694059302
IDXMAX,double,numDistinct,2048,0.25,5305944.0,3740.452141415751
IDXMAX,double,numDistinct,2048,1.0,5307033.0,4672.486965679465
IDXMAX,double,numDistinct,4096,0.25,20989410.0,8927.541654901277
IDXMAX,double,numDistinct,4096,1.0,20997160.0,19213.606289987998
IDXMAX,double,numDistinctApprox,1024,0.25,1403126.0,62479.71123137139
IDXMAX,double,numDistinctApprox,1024,1.0,1390513.0,17321.618509186097
IDXMAX,double,numDistinctApprox,2048,0.25,5390088.0,2768.5969170120848
IDXMAX,double,numDistinctApprox,2048,1.0,5388918.0,4713.000459721264
IDXMAX,double,numDistinctApprox,4096,0.25,21072760.0,6917.481879669304
IDXMAX,double,numDistinctApprox,4096,1.0,21074790.0,6557.006430783325
IDXMAX,double,sparsity,1024,0.25,1258982.0,5317.638991549207
IDXMAX,double,sparsity,1024,1.0,1272015.0,33977.89878075976
IDXMAX,double,sparsity,2048,0.25,5215426.0,8645.087493934125
IDXMAX,double,sparsity,2048,1.0,5216931.0,11812.387518570853
IDXMAX,double,sparsity,4096,0.25,21426650.0,25194.675363390863
IDXMAX,double,sparsity,4096,1.0,21433920.0,35681.1746194292
IDXMAX,int64_t,min,1024,0.25,425187.2,30548.97424646384
IDXMAX,int64_t,min,1024,1.0,450358.1,57958.617203138994
IDXMAX,int64_t,min,2048,0.25,2206518.0,50123.068497006
IDXMAX,int64_t,min,2048,1.0,2311587.0,99221.56341015571
IDXMAX,int64_t,min,4096,0.25,8911617.0,12033.89661654857
IDXMAX,int64_t,min,4096,1.0,8992262.0,16890.483053417225
IDXMAX,int64_t,"min, max",1024,0.25,442185.0,15570.50602189209
IDXMAX,int64_t,"min, max",1024,1.0,438704.3,58535.39451391782
IDXMAX,int64_t,"min, max",2048,0.25,2280987.0,70847.97480834892
IDXMAX,int64_t,"min, max",2048,1.0,2209484.0,94238.67019435283
IDXMAX,int64_t,"min, max",4096,0.25,9001135.0,11451.533861355882
IDXMAX,int64_t,"min, max",4096,1.0,8929844.0,10283.996412981756
IDXMAX,int64_t,"min, max, mean, sparsity, numDistinctApprox",1024,0.25,523004.1,13206.904115735148
IDXMAX,int64_t,"min, max, mean, sparsity, numDistinctApprox",1024,1.0,521158.2,54481.57483610602
IDXMAX,int64_t,"min, max, mean, sparsity, numDistinctApprox",2048,0.25,2373846.0,70568.92378692226
IDXMAX,int64_t,"min, max, mean, sparsity, numDistinctApprox",2048,1.0,2400821.0,85386.06436519837
IDXMAX,int64_t,"min, max, mean, sparsity, numDistinctApprox",4096,0.25,9385160.0,31136.197941017454
IDXMAX,int64_t,"min, max, mean, sparsity, numDistinctApprox",4096,1.0,9269935.0,57601.057330187505
IDXMAX,int64_t,numDistinct,1024,0.25,465790.7,10298.70304725578
IDXMAX,int64_t,numDistinct,1024,1.0,468686.5,60618.986228646965
IDXMAX,int64_t,numDistinct,2048,0.25,2226034.0,53665.84641195097
IDXMAX,int64_t,numDistinct,2048,1.0,2311929.0,59330.16142270681
IDXMAX,int64_t,numDistinct,4096,0.25,8939897.0,50437.474174576906
IDXMAX,int64_t,numDistinct,4096,1.0,8746054.0,29305.69463052827
IDXMAX,int64_t,numDistinctApprox,1024,0.25,521305.6,9882.939915722345
IDXMAX,int64_t,numDistinctApprox,1024,1.0,520318.9,48544.21804327816
IDXMAX,int64_t,numDistinctApprox,2048,0.25,2480824.0,34256.77068519122
IDXMAX,int64_t,numDistinctApprox,2048,1.0,2446629.0,48692.96308959279
IDXMAX,int64_t,numDistinctApprox,4096,0.25,9132111.0,54618.17451890687
IDXMAX,int64_t,numDistinctApprox,4096,1.0,9174454.0,62055.74826986884
IDXMAX,int64_t,sparsity,1024,0.25,418994.6,12557.357358227195
IDXMAX,int64_t,sparsity,1024,1.0,437027.3,57514.30628219575
IDXMAX,int64_t,sparsity,2048,0.25,2168576.0,55873.98901894235
IDXMAX,int64_t,sparsity,2048,1.0,2207348.0,93480.20322803948
IDXMAX,int64_t,sparsity,4096,0.25,8918141.0,10436.037402513834
IDXMAX,int64_t,sparsity,4096,1.0,8927335.0,10150.24055544158
IDXMIN,double,min,1024,0.25,1260009.0,4518.496431336418
IDXMIN,double,min,1024,1.0,1271414.0,33208.49529864307
IDXMIN,double,min,2048,0.25,5216837.0,8552.110915505617
IDXMIN,double,min,2048,1.0,5220563.0,11026.416814984701
IDXMIN,double,min,4096,0.25,21429940.0,14865.784727203649
IDXMIN,double,min,4096,1.0,21409850.0,7870.51459562848
IDXMIN,double,"min, max",1024,0.25,1261199.0,5310.458130477584
IDXMIN,double,"min, max",1024,1.0,1279916.0,33661.80037437755
IDXMIN,double,"min, max",2048,0.25,5218975.0,5463.456882882071
IDXMIN,double,"min, max",2048,1.0,5223836.0,13522.516366745158
IDXMIN,double,"min, max",4096,0.25,21430180.0,18362.87317145973
IDXMIN,double,"min, max",4096,1.0,21446230.0,53587.72765807077
IDXMIN,double,"min, max, mean, sparsity, numDistinctApprox",1024,0.25,1382465.0,2470.430686697729
IDXMIN,double,"min, max, mean, sparsity, numDistinctApprox",1024,1.0,1389622.0,18202.289721656216
IDXMIN,double,"min, max, mean, sparsity, numDistinctApprox",2048,0.25,5389569.0,3782.786891521447
IDXMIN,double,"min, max, mean, sparsity, numDistinctApprox",2048,1.0,5387714.0,3626.7162986799904
IDXMIN,double,"min, max, mean, sparsity, numDistinctApprox",4096,0.25,21078610.0,5662.243371668317
IDXMIN,double,"min, max, mean, sparsity, numDistinctApprox",4096,1.0,21090980.0,46812.196891170934
IDXMIN,double,numDistinct,1024,0.25,1349511.0,1279.066065533783
IDXMIN,double,numDistinct,1024,1.0,1357799.0,18995.44416140061
IDXMIN,double,numDistinct,2048,0.25,5306333.0,3045.6236361922697
IDXMIN,double,numDistinct,2048,1.0,5308557.0,4043.3870565268276
IDXMIN,double,numDistinct,4096,0.25,20998650.0,9257.699498255648
IDXMIN,double,numDistinct,4096,1.0,21002240.0,7826.621237801342
IDXMIN,double,numDistinctApprox,1024,0.25,1381935.0,2378.7309875459036
IDXMIN,double,numDistinctApprox,1024,1.0,1389846.0,18575.76569380414
IDXMIN,double,numDistinctApprox,2048,0.25,5386731.0,3332.2046422417484
IDXMIN,double,numDistinctApprox,2048,1.0,5385104.0,3713.845566106416
IDXMIN,double,numDistinctApprox,4096,0.25,21075890.0,10492.690577518886
IDXMIN,double,numDistinctApprox,4096,1.0,21075700.0,14710.767031894176
IDXMIN,double,sparsity,1024,0.25,1258411.0,6205.944193540047
IDXMIN,double,sparsity,1024,1.0,1271813.0,35074.245711379495
IDXMIN,double,sparsity,2048,0.25,5214916.0,6565.738005400047
IDXMIN,double,sparsity,2048,1.0,5216065.0,10204.962028346703
IDXMIN,double,sparsity,4096,0.25,21420530.0,18298.819026859936
IDXMIN,double,sparsity,4096,1.0,21449490.0,65621.735051057
IDXMIN,int64_t,min,1024,0.25,428369.1,11681.116208555495
IDXMIN,int64_t,min,1024,1.0,437359.1,64591.49751657205
IDXMIN,int64_t,min,2048,0.25,2207456.0,56654.760553137414
IDXMIN,int64_t,min,2048,1.0,2157941.0,101693.8133647601
IDXMIN,int64_t,min,4096,0.25,8954319.0,15567.818979477555
IDXMIN,int64_t,min,4096,1.0,8913298.0,11575.472920504611
IDXMIN,int64_t,"min, max",1024,0.25,425821.0,12401.957730759917
IDXMIN,int64_t,"min, max",1024,1.0,435014.4,62024.963994257094
IDXMIN,int64_t,"min, max",2048,0.25,2200357.0,73660.83235569183
IDXMIN,int64_t,"min, max",2048,1.0,2195106.0,92649.34564738645
IDXMIN,int64_t,"min, max",4096,0.25,8928914.0,22108.06700430105
IDXMIN,int64_t,"min, max",4096,1.0,8908857.0,19086.2568648519
IDXMIN,int64_t,"min, max, mean, sparsity, numDistinctApprox",1024,0.25,512720.3,11798.485251647055
IDXMIN,int64_t,"min, max, mean, sparsity, numDistinctApprox",1024,1.0,512748.8,57350.17251315717
IDXMIN,int64_t,"min, max, mean, sparsity, numDistinctApprox",2048,0.25,2387220.0,65877.18623823172
IDXMIN,int64_t,"min, max, mean, sparsity, numDistinctApprox",2048,1.0,2379786.0,91669.39307460618
IDXMIN,int64_t,"min, max, mean, sparsity, numDistinctApprox",4096,0.25,9373807.0,10071.391882180378
IDXMIN,int64_t,"min, max, mean, sparsity, numDistinctApprox",4096,1.0,9274849.0,29670.86578896331
IDXMIN,int64_t,numDistinct,1024,0.25,460722.8,8528.597276874492
IDXMIN,int64_t,numDistinct,1024,1.0,459135.1,45870.39204214415
IDXMIN,int64_t,numDistinct,2048,0.25,2217404.0,30222.212287580085
IDXMIN,int64_t,numDistinct,2048,1.0,2208465.0,60227.27902610985
IDXMIN,int64_t,numDistinct,4096,0.25,8801731.0,45896.5894278768
IDXMIN,int64_t,numDistinct,4096,1.0,8589599.0,64777.499771654366
IDXMIN,int64_t,numDistinctApprox,1024,0.25,514437.6,9295.409371177659
IDXMIN,int64_t,numDistinctApprox,1024,1.0,513612.7,57986.796236633825
IDXMIN,int64_t,numDistinctApprox,2048,0.25,2424279.0,70176.1234244874
IDXMIN,int64_t,numDistinctApprox,2048,1.0,2388386.0,78812.35495360693
IDXMIN,int64_t,numDistinctApprox,4096,0.25,9305407.0,76268.38300079259
IDXMIN,int64_t,numDistinctApprox,4096,1.0,9142800.0,44894.79108612353
IDXMIN,int64_t,sparsity,1024,0.25,420270.0,13856.103901650467
IDXMIN,int64_t,sparsity,1024,1.0,431008.6,60333.12450829424
IDXMIN,int64_t,sparsity,2048,0.25,2207667.0,69395.32950182358
IDXMIN,int64_t,sparsity,2048,1.0,2170610.0,111296.55550225564
IDXMIN,int64_t,sparsity,4096,0.25,8912899.0,10982.356001028751
IDXMIN,int64_t,sparsity,4096,1.0,8903836.0,19268.085991550553
MEAN,double,min,1024,0.001,10867.7,1334.9680021134086
MEAN,double,min,1024,0.01,17033.6,438.09643788655603
MEAN,double,min,1024,0.05,25667.8,773.9573344542677
MEAN,double,min,1024,0.1,32850.8,747.214947506926
MEAN,double,min,1024,0.2,52143.4,4489.5338585054305
MEAN,double,min,1024,0.25,1289347.0,1474.4192830474892
MEAN,double,min,1024,1.0,1296943.0,17724.679624122346
MEAN,double,min,2048,0.001,22673.7,1492.8511163393202
MEAN,double,min,2048,0.01,37283.4,536.1768365007945
MEAN,double,min,2048,0.05,63862.4,787.9873377437261
MEAN,double,min,2048,0.1,97149.3,1452.5753413238965
MEAN,double,min,2048,0.2,192333.5,20235.00223896976
MEAN,double,min,2048,0.25,5176798.0,2536.3175405825464
MEAN,double,min,2048,1.0,5179903.0,5061.576500129866
MEAN,double,min,4096,0.001,56138.2,1126.4112925570303
MEAN,double,min,4096,0.01,90570.7,1933.954730597386
MEAN,double,min,4096,0.05,213635.6,42372.284099659075
MEAN,double,min,4096,0.1,583063.3,15690.158982623476
MEAN,double,min,4096,0.2,1368052.0,22157.597543255648
MEAN,double,min,4096,0.25,20697250.0,2177.7919500673083
MEAN,double,min,4096,1.0,20699790.0,5322.791665199113
MEAN,double,"min, max",1024,0.001,11777.5,1474.284779515515
MEAN,double,"min, max",1024,0.01,17644.6,510.9844963945146
MEAN,double,"min, max",1024,0.05,26236.5,557.0202968574054
MEAN,double,"min, max",1024,0.1,34315.9,1038.3027229302854
MEAN,double,"min, max",1024,0.2,52012.4,3882.787807176121
MEAN,double,"min, max",1024,0.25,1752413.0,86115.06089077696
MEAN,double,"min, max",1024,1.0,1748236.0,79642.66991450694
MEAN,double,"min, max",2048,0.001,23985.3,1528.6083758329557
MEAN,double,"min, max",2048,0.01,39095.3,881.0920055375728
MEAN,double,"min, max",2048,0.05,64258.4,805.4291057842677
MEAN,double,"min, max",2048,0.1,97455.0,904.847807952011
MEAN,double,"min, max",2048,0.2,189089.4,18767.31663883311
MEAN,double,"min, max",2048,0.25,6500165.0,22838.706545395005
MEAN,double,"min, max",2048,1.0,6475210.0,17811.811312222704
MEAN,double,"min, max",4096,0.001,57931.5,1155.71932867226
MEAN,double,"min, max",4096,0.01,92934.6,1531.6753499935214
MEAN,double,"min, max",4096,0.05,213755.3,45159.15093200935
MEAN,double,"min, max",4096,0.1,582934.7,21397.866830597897
MEAN,double,"min, max",4096,0.2,1370896.0,18746.071707012223
MEAN,double,"min, max",4096,0.25,25726290.0,7375.100752607413
MEAN,double,"min, max",4096,1.0,25739270.0,26300.699188002367
MEAN,double,"min, max, mean, sparsity, numDistinctApprox",1024,0.001,92039.9,1337.9574357953193
MEAN,double,"min, max, mean, sparsity, numDistinctApprox",1024,0.01,127380.6,3378.41232270755
MEAN,double,"min, max, mean, sparsity, numDistinctApprox",1024,0.05,141365.0,2545.6654227224053
MEAN,double,"min, max, mean, sparsity, numDistinctApprox",1024,0.1,149685.5,1825.1173021662655
MEAN,double,"min, max, mean, sparsity, numDistinctApprox",1024,0.2,172868.8,3688.9612449396454
MEAN,double,"min, max, mean, sparsity, numDistinctApprox",1024,0.25,1396745.0,2709.699655353381
MEAN,double,"min, max, mean, sparsity, numDistinctApprox",1024,1.0,1404147.0,20576.04489043833
MEAN,double,"min, max, mean, sparsity, numDistinctApprox",2048,0.001,216496.1,3543.9649311658413
MEAN,double,"min, max, mean, sparsity, numDistinctApprox",2048,0.01,236578.3,2758.4389728008587
MEAN,double,"min, max, mean, sparsity, numDistinctApprox",2048,0.05,270715.2,3852.32644861085
MEAN,double,"min, max, mean, sparsity, numDistinctApprox",2048,0.1,310441.3,4980.437621334093
MEAN,double,"min, max, mean, sparsity, numDistinctApprox",2048,0.2,416057.6,27184.175107342624
MEAN,double,"min, max, mean, sparsity, numDistinctApprox",2048,0.25,5377349.0,4628.679797379377
MEAN,double,"min, max, mean, sparsity, numDistinctApprox",2048,1.0,5373884.0,4048.5613356955896
MEAN,double,"min, max, mean, sparsity, numDistinctApprox",4096,0.001,352325.5,6321.107027693445
MEAN,double,"min, max, mean, sparsity, numDistinctApprox",4096,0.01,396903.4,3038.412750836266
MEAN,double,"min, max, mean, sparsity, numDistinctApprox",4096,0.05,542545.1,35829.09463441997
MEAN,double,"min, max, mean, sparsity, numDistinctApprox",4096,0.1,934769.4,29324.975571459003
MEAN,double,"min, max, mean, sparsity, numDistinctApprox",4096,0.2,1764358.0,20403.514838815827
MEAN,double,"min, max, mean, sparsity, numDistinctApprox",4096,0.25,21004320.0,9349.129490076743
MEAN,double,"min, max, mean, sparsity, numDistinctApprox",4096,1.0,21019530.0,37771.47806951089
MEAN,double,numDistinct,1024,0.001,71515.2,2447.3204303664243
MEAN,double,numDistinct,1024,0.01,96397.9,2172.235430764046
MEAN,double,numDistinct,1024,0.05,105194.1,1253.0917719340787
MEAN,double,numDistinct,1024,0.1,114101.1,1773.815689410826
MEAN,double,numDistinct,1024,0.2,136833.0,5013.886826715479
MEAN,double,numDistinct,1024,0.25,2606488.0,6566.916746507113
MEAN,double,numDistinct,1024,1.0,2617603.0,34098.120199082965
MEAN,double,numDistinct,2048,0.001,173064.8,11750.595774966761
MEAN,double,numDistinct,2048,0.01,194869.1,1426.0294877736576
MEAN,double,numDistinct,2048,0.05,224221.7,2471.3472731375605
MEAN,double,numDistinct,2048,0.1,260369.7,2311.378234829699
MEAN,double,numDistinct,2048,0.2,363567.5,20534.379666251858
MEAN,double,numDistinct,2048,0.25,10420870.0,15047.33641988949
MEAN,double,numDistinct,2048,1.0,10408340.0,14139.794120770506
MEAN,double,numDistinct,4096,0.001,365224.6,21031.726447863908
MEAN,double,numDistinct,4096,0.01,403165.3,2887.4896459650804
MEAN,double,numDistinct,4096,0.05,548116.9,37767.187246926995
MEAN,double,numDistinct,4096,0.1,962368.3,27508.120304335196
MEAN,double,numDistinct,4096,0.2,1809813.0,25915.946206491826
MEAN,double,numDistinct,4096,0.25,41464010.0,10111.209401231788
MEAN,double,numDistinct,4096,1.0,41449680.0,58286.43448045551
MEAN,double,numDistinctApprox,1024,0.001,91862.3,2106.695835768525
MEAN,double,numDistinctApprox,1024,0.01,126707.9,2033.2690946136715
MEAN,double,numDistinctApprox,1024,0.05,141659.5,3219.7178016438434
MEAN,double,numDistinctApprox,1024,0.1,149519.0,2335.3276715127868
MEAN,double,numDistinctApprox,1024,0.2,173054.3,3327.6662509599364
MEAN,double,numDistinctApprox,1024,0.25,1396012.0,2539.2597346470625
MEAN,double,numDistinctApprox,1024,1.0,1404485.0,21164.08606316109
MEAN,double,numDistinctApprox,2048,0.001,216558.7,3278.711367798834
MEAN,double,numDistinctApprox,2048,0.01,237227.5,2659.1521309536893
MEAN,double,numDistinctApprox,2048,0.05,270740.9,3291.588824396032
MEAN,double,numDistinctApprox,2048,0.1,308047.9,4232.190697499349
MEAN,double,numDistinctApprox,2048,0.2,409748.3,19423.142439711795
MEAN,double,numDistinctApprox,2048,0.25,5390845.0,2948.865130106128
MEAN,double,numDistinctApprox,2048,1.0,5391417.0,5930.598714388808
MEAN,double,numDistinctApprox,4096,0.001,353612.0,5025.525047196567
MEAN,double,numDistinctApprox,4096,0.01,396561.6,4090.7359891996593
MEAN,double,numDistinctApprox,4096,0.05,535550.6,36448.125799095156
MEAN,double,numDistinctApprox,4096,0.1,920574.5,27473.272653212935
MEAN,double,numDistinctApprox,4096,0.2,1767827.0,19837.02937549986
MEAN,double,numDistinctApprox,4096,0.25,21016540.0,6891.572953816739
MEAN,double,numDistinctApprox,4096,1.0,21016650.0,37976.052395629136
MEAN,double,sparsity,1024,0.001,12529.4,1346.1728632600561
MEAN,double,sparsity,1024,0.01,18487.3,428.54302260359117
MEAN,double,sparsity,1024,0.05,27247.1,332.53552859473183
MEAN,double,sparsity,1024,0.1,34448.4,1221.9196372920774
MEAN,double,sparsity,1024,0.2,52542.3,4579.804339585796
MEAN,double,sparsity,1024,0.25,1612591.0,5865.493159146996
MEAN,double,sparsity,1024,1.0,1622241.0,32469.283758311914
MEAN,double,sparsity,2048,0.001,25779.5,1995.3341825368507
MEAN,double,sparsity,2048,0.01,41470.1,783.6985602470714
MEAN,double,sparsity,2048,0.05,65314.7,1077.7428110020812
MEAN,double,sparsity,2048,0.1,97691.7,1902.0400188569492
MEAN,double,sparsity,2048,0.2,193771.0,19460.01893341548
MEAN,double,sparsity,2048,0.25,6516111.0,7973.575038142503
MEAN,double,sparsity,2048,1.0,6516515.0,9507.361183139472
MEAN,double,sparsity,4096,0.001,62359.5,1065.68499097998
MEAN,double,sparsity,4096,0.01,98032.0,1722.4641263801884
MEAN,double,sparsity,4096,0.05,217951.5,42923.323044315504
MEAN,double,sparsity,4096,0.1,594183.4,24569.487975490592
MEAN,double,sparsity,4096,0.2,1386193.0,20390.291289947043
MEAN,double,sparsity,4096,0.25,25962250.0,31963.772896480503
MEAN,double,sparsity,4096,1.0,25996370.0,60172.3829232869
MEAN,int64_t,min,1024,0.001,9664.7,1181.8423517730462
MEAN,int64_t,min,1024,0.01,17181.1,692.8805332330626
MEAN,int64_t,min,1024,0.05,26066.3,862.4134159438851
MEAN,int64_t,min,1024,0.1,32768.3,1279.5268266042724
MEAN,int64_t,min,1024,0.2,52059.0,4930.083005837168
MEAN,int64_t,min,1024,0.25,1180636.0,2124.9324172259608
MEAN,int64_t,min,1024,1.0,1185700.0,14504.68047064656
MEAN,int64_t,min,2048,0.001,21254.8,1609.5924121756204
MEAN,int64_t,min,2048,0.01,38343.1,680.0120015280773
MEAN,int64_t,min,2048,0.05,62067.9,806.4753836568372
MEAN,int64_t,min,2048,0.1,98092.7,7488.70002143971
MEAN,int64_t,min,2048,0.2,201661.2,41641.02374075087
MEAN,int64_t,min,2048,0.25,4441471.0,4928.187518979358
MEAN,int64_t,min,2048,1.0,4444352.0,8462.73767104298
MEAN,int64_t,min,4096,0.001,55247.2,863.5949153264958
MEAN,int64_t,min,4096,0.01,90970.3,1108.7452417535374
MEAN,int64_t,min,4096,0.05,195891.4,5685.845040292798
MEAN,int64_t,min,4096,0.1,582481.3,14461.401515374955
MEAN,int64_t,min,4096,0.2,1382714.0,24786.694997294177
MEAN,int64_t,min,4096,0.25,17545250.0,6894.482496089742
MEAN,int64_t,min,4096,1.0,17560020.0,35853.33705218757
MEAN,int64_t,"min, max",1024,0.001,9683.6,1026.649047467861
MEAN,int64_t,"min, max",1024,0.01,16597.3,566.9912893706771
MEAN,int64_t,"min, max",1024,0.05,26114.2,971.4466646307573
MEAN,int64_t,"min, max",1024,0.1,33403.7,1019.8499944163898
MEAN,int64_t,"min, max",1024,0.2,52478.9,5616.602540682401
MEAN,int64_t,"min, max",1024,0.25,1446814.0,1784.9942421320106
MEAN,int64_t,"min, max",1024,1.0,1457639.0,21707.873865898935
MEAN,int64_t,"min, max",2048,0.001,21088.3,972.9982356955568
MEAN,int64_t,"min, max",2048,0.01,38172.6,502.40824480142
MEAN,int64_t,"min, max",2048,0.05,63604.3,1041.650405206405
MEAN,int64_t,"min, max",2048,0.1,98633.6,6194.21576418947
MEAN,int64_t,"min, max",2048,0.2,198322.1,41979.7029724551
MEAN,int64_t,"min, max",2048,0.25,5447808.0,9287.28497582707
MEAN,int64_t,"min, max",2048,1.0,5477454.0,45646.94883316709
MEAN,int64_t,"min, max",4096,0.001,54425.8,538.482806905971
MEAN,int64_t,"min, max",4096,0.01,90132.5,923.9364155611581
MEAN,int64_t,"min, max",4096,0.05,198584.4,7553.26893470635
MEAN,int64_t,"min, max",4096,0.1,572270.3,10769.654673613662
MEAN,int64_t,"min, max",4096,0.2,1385705.0,19042.86991092584
MEAN,int64_t,"min, max",4096,0.25,21423190.0,6962.1915451322775
MEAN,int64_t,"min, max",4096,1.0,21433780.0,21535.902839470687
MEAN,int64_t,"min, max, mean, sparsity, numDistinctApprox",1024,0.001,24832.7,1426.452947387719
MEAN,int64_t,"min, max, mean, sparsity, numDistinctApprox",1024,0.01,35367.0,1561.2723443824054
MEAN,int64_t,"min, max, mean, sparsity, numDistinctApprox",1024,0.05,44996.9,4701.161758308023
MEAN,int64_t,"min, max, mean, sparsity, numDistinctApprox",1024,0.1,54793.4,2262.985010015656
MEAN,int64_t,"min, max, mean, sparsity, numDistinctApprox",1024,0.2,72621.6,6732.794701228377
MEAN,int64_t,"min, max, mean, sparsity, numDistinctApprox",1024,0.25,1308412.0,22270.675188088328
MEAN,int64_t,"min, max, mean, sparsity, numDistinctApprox",1024,1.0,1315200.0,27406.22475926876
MEAN,int64_t,"min, max, mean, sparsity, numDistinctApprox",2048,0.001,55471.7,2663.135539171826
MEAN,int64_t,"min, max, mean, sparsity, numDistinctApprox",2048,0.01,74578.0,2105.0176035157306
MEAN,int64_t,"min, max, mean, sparsity, numDistinctApprox",2048,0.05,100536.5,5093.791978695467
MEAN,int64_t,"min, max, mean, sparsity, numDistinctApprox",2048,0.1,134115.8,11655.158922602088
MEAN,int64_t,"min, max, mean, sparsity, numDistinctApprox",2048,0.2,246649.7,40478.14149238793
MEAN,int64_t,"min, max, mean, sparsity, numDistinctApprox",2048,0.25,5233117.0,3747.903265679019
MEAN,int64_t,"min, max, mean, sparsity, numDistinctApprox",2048,1.0,5247852.0,12085.189098874762
MEAN,int64_t,"min, max, mean, sparsity, numDistinctApprox",4096,0.001,128118.7,4642.980700895589
MEAN,int64_t,"min, max, mean, sparsity, numDistinctApprox",4096,0.01,162732.2,5353.888551531701
MEAN,int64_t,"min, max, mean, sparsity, numDistinctApprox",4096,0.05,280578.0,7425.060792867473
MEAN,int64_t,"min, max, mean, sparsity, numDistinctApprox",4096,0.1,669810.0,22985.732927671077
MEAN,int64_t,"min, max, mean, sparsity, numDistinctApprox",4096,0.2,1482223.0,28107.237126563836
MEAN,int64_t,"min, max, mean, sparsity, numDistinctApprox",4096,0.25,20786150.0,23986.48925263267
MEAN,int64_t,"min, max, mean, sparsity, numDistinctApprox",4096,1.0,20811480.0,31479.863052080607
MEAN,int64_t,numDistinct,1024,0.001,11528.8,1230.8974864797726
MEAN,int64_t,numDistinct,1024,0.01,18858.1,486.6793263193607
MEAN,int64_t,numDistinct,1024,0.05,28077.5,1029.2138585671426
MEAN,int64_t,numDistinct,1024,0.1,35626.1,1821.003047773397
MEAN,int64_t,numDistinct,1024,0.2,54209.6,5384.482894804704
MEAN,int64_t,numDistinct,1024,0.25,1190627.0,7837.387674190672
MEAN,int64_t,numDistinct,1024,1.0,1193130.0,18033.285274119567
MEAN,int64_t,numDistinct,2048,0.001,24966.6,1413.255752587699
MEAN,int64_t,numDistinct,2048,0.01,41284.0,409.9932248762705
MEAN,int64_t,numDistinct,2048,0.05,65954.5,1654.0194308948646
MEAN,int64_t,numDistinct,2048,0.1,102467.6,9049.315532127279
MEAN,int64_t,numDistinct,2048,0.2,203684.7,43472.13876099904
MEAN,int64_t,numDistinct,2048,0.25,4476042.0,5902.424737154831
MEAN,int64_t,numDistinct,2048,1.0,4491819.0,7546.659967606052
MEAN,int64_t,numDistinct,4096,0.001,61825.2,656.9056756237275
MEAN,int64_t,numDistinct,4096,0.01,96792.2,1325.223402550175
MEAN,int64_t,numDistinct,4096,0.05,205327.7,4540.3860836815265
MEAN,int64_t,numDistinct,4096,0.1,586963.1,18877.70932696373
MEAN,int64_t,numDistinct,4096,0.2,1391185.0,26691.596367895763
MEAN,int64_t,numDistinct,4096,0.25,17620310.0,18047.31128020041
MEAN,int64_t,numDistinct,4096,1.0,17652620.0,34797.88627041706
MEAN,int64_t,numDistinctApprox,1024,0.001,24594.4,1399.7945246039187
MEAN,int64_t,numDistinctApprox,1024,0.01,34973.5,1310.9854859777993
MEAN,int64_t,numDistinctApprox,1024,0.05,45806.4,4120.5939485575245
MEAN,int64_t,numDistinctApprox,1024,0.1,54540.2,2005.1301315486844
MEAN,int64_t,numDistinctApprox,1024,0.2,71866.9,6277.348492795345
MEAN,int64_t,numDistinctApprox,1024,0.25,1206102.0,5077.035005241204
MEAN,int64_t,numDistinctApprox,1024,1.0,1218901.0,17776.72163876743
MEAN,int64_t,numDistinctApprox,2048,0.001,54974.2,2833.7177699975696
MEAN,int64_t,numDistinctApprox,2048,0.01,73568.6,2764.789330933633
MEAN,int64_t,numDistinctApprox,2048,0.05,100494.3,4050.957638495974
MEAN,int64_t,numDistinctApprox,2048,0.1,135733.1,14084.48640999498
MEAN,int64_t,numDistinctApprox,2048,0.2,241153.5,43678.2115762539
MEAN,int64_t,numDistinctApprox,2048,0.25,4489827.0,5704.103883267861
MEAN,int64_t,numDistinctApprox,2048,1.0,4505443.0,7979.373478607887
MEAN,int64_t,numDistinctApprox,4096,0.001,128668.8,3468.3546147032553
MEAN,int64_t,numDistinctApprox,4096,0.01,162486.4,5492.710041500462
MEAN,int64_t,numDistinctApprox,4096,0.05,277844.1,6772.967254707006
MEAN,int64_t,numDistinctApprox,4096,0.1,656827.1,18590.721744700728
MEAN,int64_t,numDistinctApprox,4096,0.2,1452368.0,33210.584256629154
MEAN,int64_t,numDistinctApprox,4096,0.25,17625960.0,16859.36600890501
MEAN,int64_t,numDistinctApprox,4096,1.0,17657360.0,25840.330235247693
MEAN,int64_t,sparsity,1024,0.001,10398.9,1180.8322347677788
MEAN,int64_t,sparsity,1024,0.01,17872.2,582.0499787628014
MEAN,int64_t,sparsity,1024,0.05,26661.1,963.6125835163783
MEAN,int64_t,sparsity,1024,0.1,34209.3,1777.158659208569
MEAN,int64_t,sparsity,1024,0.2,53286.6,4735.158666824164
MEAN,int64_t,sparsity,1024,0.25,1456195.0,36173.159248260294
MEAN,int64_t,sparsity,1024,1.0,1457471.0,38306.89768174915
MEAN,int64_t,sparsity,2048,0.001,22988.4,1655.9069485397488
MEAN,int64_t,sparsity,2048,0.01,39708.0,848.8723238639734
MEAN,int64_t,sparsity,2048,0.05,63785.7,845.1199849068122
MEAN,int64_t,sparsity,2048,0.1,99669.1,7318.590642254071
MEAN,int64_t,sparsity,2048,0.2,217470.5,51273.613463565365
MEAN,int64_t,sparsity,2048,0.25,6111833.0,371217.57687222847
MEAN,int64_t,sparsity,2048,1.0,5814039.0,347680.04977277596
MEAN,int64_t,sparsity,4096,0.001,57584.1,851.1972548514638
MEAN,int64_t,sparsity,4096,0.01,92722.3,1680.963615839966
MEAN,int64_t,sparsity,4096,0.05,203556.1,5509.333907107101
MEAN,int64_t,sparsity,4096,0.1,579528.3,14673.992117954069
MEAN,int64_t,sparsity,4096,0.2,1384935.0,24550.977916707656
MEAN,int64_t,sparsity,4096,0.25,24521810.0,1189521.8156422724
MEAN,int64_t,sparsity,4096,1.0,23636090.0,1526869.4410095743
STDDEV,double,min,1024,0.001,12844.3,1520.8412913033803
STDDEV,double,min,1024,0.01,24010.5,361.74430810234514
STDDEV,double,min,1024,0.05,53953.0,1084.6783445386532
STDDEV,double,min,1024,0.1,90297.6,1428.3790502213049
STDDEV,double,min,1024,0.2,183925.6,16100.382239768926
STDDEV,double,min,1024,0.25,1925368.0,1785.2531722108445
STDDEV,double,min,1024,1.0,1939990.0,45477.811439572746
STDDEV,double,min,2048,0.001,28228.9,1215.551584901092
STDDEV,double,min,2048,0.01,61357.8,1162.527877801933
STDDEV,double,min,2048,0.05,176516.4,1773.8966649097047
STDDEV,double,min,2048,0.1,355019.1,3160.5480695600904
STDDEV,double,min,2048,0.2,715999.6,21617.84653269401
STDDEV,double,min,2048,0.25,8019510.0,11628.450742324474
STDDEV,double,min,2048,1.0,8026089.0,22394.62507438369
STDDEV,double,min,4096,0.001,69902.8,1562.8594022211682
STDDEV,double,min,4096,0.01,171649.8,3169.886496390686
STDDEV,double,min,4096,0.05,749671.9,55277.096545897235
STDDEV,double,min,4096,0.1,1689615.0,21548.09929746317
STDDEV,double,min,4096,0.2,3550045.0,27901.70016723393
STDDEV,double,min,4096,0.25,32421550.0,11328.847151311606
STDDEV,double,min,4096,1.0,32446810.0,53113.32642985608
STDDEV,double,"min, max",1024,0.001,13391.2,1386.4809811573725
STDDEV,double,"min, max",1024,0.01,24576.8,924.8436264219663
STDDEV,double,"min, max",1024,0.05,52961.0,391.7277966479618
STDDEV,double,"min, max",1024,0.1,91497.4,1182.8193437714833
STDDEV,double,"min, max",1024,0.2,182195.4,12489.506308186175
STDDEV,double,"min, max",1024,0.25,1926342.0,1796.0809187413074
STDDEV,double,"min, max",1024,1.0,1940187.0,44432.6636733733
STDDEV,double,"min, max",2048,0.001,27925.6,1654.5673620483258
STDDEV,double,"min, max",2048,0.01,62332.0,1863.6072547615827
STDDEV,double,"min, max",2048,0.05,179005.6,2237.00803157551
STDDEV,double,"min, max",2048,0.1,353788.2,2109.1767114208265
STDDEV,double,"min, max",2048,0.2,716891.3,21944.64659116458
STDDEV,double,"min, max",2048,0.25,8021632.0,8214.005383760368
STDDEV,double,"min, max",2048,1.0,8037834.0,24718.58958579786
STDDEV,double,"min, max",4096,0.001,71431.6,2066.3833784336025
STDDEV,double,"min, max",4096,0.01,178398.2,16743.76095943401
STDDEV,double,"min, max",4096,0.05,752267.3,54966.861940324256
STDDEV,double,"min, max",4096,0.1,1689782.0,20500.073062200423
STDDEV,double,"min, max",4096,0.2,3547689.0,28129.827368431845
STDDEV,double,"min, max",4096,0.25,32442530.0,8613.303663519591
STDDEV,double,"min, max",4096,1.0,32452130.0,15507.922706367382
STDDEV,double,"min, max, mean, sparsity, numDistinctApprox",1024,0.001,104667.3,2179.048979613711
STDDEV,double,"min, max, mean, sparsity, numDistinctApprox",1024,0.01,148709.3,2643.8696828701636
STDDEV,double,"min, max, mean, sparsity, numDistinctApprox",1024,0.05,188241.0,1941.5876664901493
STDDEV,double,"min, max, mean, sparsity, numDistinctApprox",1024,0.1,230031.2,2439.9684788492195
STDDEV,double,"min, max, mean, sparsity, numDistinctApprox",1024,0.2,312980.8,4189.282510831129
STDDEV,double,"min, max, mean, sparsity, numDistinctApprox",1024,0.25,2031087.0,3932.471798302454
STDDEV,double,"min, max, mean, sparsity, numDistinctApprox",1024,1.0,2046066.0,45557.053411689776
STDDEV,double,"min, max, mean, sparsity, numDistinctApprox",2048,0.001,242980.4,2161.910687845878
STDDEV,double,"min, max, mean, sparsity, numDistinctApprox",2048,0.01,279921.0,1120.4367204105956
STDDEV,double,"min, max, mean, sparsity, numDistinctApprox",2048,0.05,419246.7,2863.750767010908
STDDEV,double,"min, max, mean, sparsity, numDistinctApprox",2048,0.1,585927.6,3728.8174532953494
STDDEV,double,"min, max, mean, sparsity, numDistinctApprox",2048,0.2,950691.2,20046.189711652336
STDDEV,double,"min, max, mean, sparsity, numDistinctApprox",2048,0.25,8229612.0,7621.158850346949
STDDEV,double,"min, max, mean, sparsity, numDistinctApprox",2048,1.0,8236816.0,20155.850653236015
STDDEV,double,"min, max, mean, sparsity, numDistinctApprox",4096,0.001,396799.0,4794.1235556321
STDDEV,double,"min, max, mean, sparsity, numDistinctApprox",4096,0.01,524477.7,3626.4765896880713
STDDEV,double,"min, max, mean, sparsity, numDistinctApprox",4096,0.05,1084996.0,35318.96286384666
STDDEV,double,"min, max, mean, sparsity, numDistinctApprox",4096,0.1,2023152.0,17785.522077115296
STDDEV,double,"min, max, mean, sparsity, numDistinctApprox",4096,0.2,3897006.0,29129.27286730273
STDDEV,double,"min, max, mean, sparsity, numDistinctApprox",4096,0.25,32769800.0,16587.9474317948
STDDEV,double,"min, max, mean, sparsity, numDistinctApprox",4096,1.0,32761070.0,26924.629369160535
STDDEV,double,numDistinct,1024,0.001,79923.9,4158.339450897306
STDDEV,double,numDistinct,1024,0.01,111739.4,2372.425303823539
STDDEV,double,numDistinct,1024,0.05,146887.6,1510.907836000887
STDDEV,double,numDistinct,1024,0.1,189407.4,1741.0471434040967
STDDEV,double,numDistinct,1024,0.2,277156.2,8732.656803312746
STDDEV,double,numDistinct,1024,0.25,3243308.0,7176.417862229942
STDDEV,double,numDistinct,1024,1.0,3259940.0,52274.82334313104
STDDEV,double,numDistinct,2048,0.001,205332.1,10213.6601062825
STDDEV,double,numDistinct,2048,0.01,240171.7,8239.80312669342
STDDEV,double,numDistinct,2048,0.05,374481.7,3490.5080193767394
STDDEV,double,numDistinct,2048,0.1,542938.3,3396.865877377104
STDDEV,double,numDistinct,2048,0.2,900810.2,24460.08238289024
STDDEV,double,numDistinct,2048,0.25,13250950.0,13366.230250564733
STDDEV,double,numDistinct,2048,1.0,13271010.0,23160.428416686267
STDDEV,double,numDistinct,4096,0.001,408866.6,5812.638838485219
STDDEV,double,numDistinct,4096,0.01,543073.7,3526.229211999072
STDDEV,double,numDistinct,4096,0.05,1108362.0,34425.08058572025
STDDEV,double,numDistinct,4096,0.1,2071872.0,33386.708865788016
STDDEV,double,numDistinct,4096,0.2,3920923.0,32217.455948255396
STDDEV,double,numDistinct,4096,0.25,53198930.0,13016.318817375402
STDDEV,double,numDistinct,4096,1.0,53219290.0,24341.982481119194
STDDEV,double,numDistinctApprox,1024,0.001,104976.0,3723.71087313001
STDDEV,double,numDistinctApprox,1024,0.01,147077.4,1046.7666831194458
STDDEV,double,numDistinctApprox,1024,0.05,185214.3,930.8931255042684
STDDEV,double,numDistinctApprox,1024,0.1,224760.2,2452.011953931352
STDDEV,double,numDistinctApprox,1024,0.2,313847.9,8614.972218308212
STDDEV,double,numDistinctApprox,1024,0.25,2030328.0,1935.6181900823863
STDDEV,double,numDistinctApprox,1024,1.0,2046470.0,48106.90156077169
STDDEV,double,numDistinctApprox,2048,0.001,236675.4,3488.876520855643
STDDEV,double,numDistinctApprox,2048,0.01,281294.6,1678.8579583885112
STDDEV,double,numDistinctApprox,2048,0.05,414951.6,4633.156212441888
STDDEV,double,numDistinctApprox,2048,0.1,583828.0,2928.0260700114454
STDDEV,double,numDistinctApprox,2048,0.2,949605.8,26198.498777177625
STDDEV,double,numDistinctApprox,2048,0.25,8244438.0,9590.927194199792
STDDEV,double,numDistinctApprox,2048,1.0,8256133.0,24513.200094824246
STDDEV,double,numDistinctApprox,4096,0.001,393736.9,6350.6848003450295
STDDEV,double,numDistinctApprox,4096,0.01,523535.8,5840.588341749299
STDDEV,double,numDistinctApprox,4096,0.05,1078300.0,35881.14732465134
STDDEV,double,numDistinctApprox,4096,0.1,2016724.0,24094.345671408748
STDDEV,double,numDistinctApprox,4096,0.2,3901969.0,28566.50192484589
STDDEV,double,numDistinctApprox,4096,0.25,32781570.0,12111.064729778705
STDDEV,double,numDistinctApprox,4096,1.0,32742730.0,27561.488832548064
STDDEV,double,sparsity,1024,0.001,14023.8,1284.4132945088631
STDDEV,double,sparsity,1024,0.01,26848.3,967.2815343356176
STDDEV,double,sparsity,1024,0.05,61309.3,4607.170885333717
STDDEV,double,sparsity,1024,0.1,92447.0,6269.482487946407
STDDEV,double,sparsity,1024,0.2,185062.2,12881.567949766226
STDDEV,double,sparsity,1024,0.25,2254336.0,3733.2505943212236
STDDEV,double,sparsity,1024,1.0,2271655.0,54142.48655169062
STDDEV,double,sparsity,2048,0.001,30689.8,901.5496288798155
STDDEV,double,sparsity,2048,0.01,70900.9,2206.4080639003396
STDDEV,double,sparsity,2048,0.05,183905.8,13683.726464510884
STDDEV,double,sparsity,2048,0.1,361685.4,3008.477289261134
STDDEV,double,sparsity,2048,0.2,720823.4,20372.391122409885
STDDEV,double,sparsity,2048,0.25,9363988.0,14683.87838564603
STDDEV,double,sparsity,2048,1.0,9376798.0,15131.646602035336
STDDEV,double,sparsity,4096,0.001,76950.8,1892.5390235225148
STDDEV,double,sparsity,4096,0.01,195320.1,8714.08519390685
STDDEV,double,sparsity,4096,0.05,764509.7,52554.428484614335
STDDEV,double,sparsity,4096,0.1,1692720.0,18563.282755662225
STDDEV,double,sparsity,4096,0.2,3552320.0,27799.382487146486
STDDEV,double,sparsity,4096,0.25,37736460.0,47117.82394522631
STDDEV,double,sparsity,4096,1.0,37730400.0,29605.59256476868
STDDEV,int64_t,min,1024,0.001,12130.3,1060.66572910078
STDDEV,int64_t,min,1024,0.01,24070.6,565.2956355355626
STDDEV,int64_t,min,1024,0.05,55107.2,1074.4654278084288
STDDEV,int64_t,min,1024,0.1,86213.8,2663.6200429741043
STDDEV,int64_t,min,1024,0.2,152735.2,14282.545600993004
STDDEV,int64_t,min,1024,0.25,1644792.0,4773.970627848048
STDDEV,int64_t,min,1024,1.0,1656019.0,45931.73205965564
STDDEV,int64_t,min,2048,0.001,28526.3,2036.7557018181853
STDDEV,int64_t,min,2048,0.01,63785.7,2634.2178704292637
STDDEV,int64_t,min,2048,0.05,167529.3,1275.0783897470806
STDDEV,int64_t,min,2048,0.1,294612.8,16945.621963602673
STDDEV,int64_t,min,2048,0.2,599773.4,48850.95765739341
STDDEV,int64_t,min,2048,0.25,6701264.0,9992.021483830697
STDDEV,int64_t,min,2048,1.0,6716175.0,27344.18493939807
STDDEV,int64_t,min,4096,0.001,71524.8,1120.5283277692422
STDDEV,int64_t,min,4096,0.01,175156.4,1592.494353731485
STDDEV,int64_t,min,4096,0.05,593944.4,9871.323576681883
STDDEV,int64_t,min,4096,0.1,1423484.0,13958.159063588737
STDDEV,int64_t,min,4096,0.2,2946032.0,19939.13449587129
STDDEV,int64_t,min,4096,0.25,26755980.0,11381.544515378959
STDDEV,int64_t,min,4096,1.0,26780270.0,47058.971278362886
STDDEV,int64_t,"min, max",1024,0.001,12284.7,1140.43101501143
STDDEV,int64_t,"min, max",1024,0.01,25477.9,982.3483711098742
STDDEV,int64_t,"min, max",1024,0.05,57232.4,4018.543550425536
STDDEV,int64_t,"min, max",1024,0.1,85891.7,2664.598533446351
STDDEV,int64_t,"min, max",1024,0.2,153936.8,16387.0803772023
STDDEV,int64_t,"min, max",1024,0.25,2038147.0,80894.02505747869
STDDEV,int64_t,"min, max",1024,1.0,1987481.0,80797.82690284573
STDDEV,int64_t,"min, max",2048,0.001,28086.2,1908.3735250498294
STDDEV,int64_t,"min, max",2048,0.01,64739.8,2328.9356558069376
STDDEV,int64_t,"min, max",2048,0.05,167836.0,1085.4066314315335
STDDEV,int64_t,"min, max",2048,0.1,294724.3,11478.272112028792
STDDEV,int64_t,"min, max",2048,0.2,597148.1,50709.90910715139
STDDEV,int64_t,"min, max",2048,0.25,7709372.0,20683.495191416096
STDDEV,int64_t,"min, max",2048,1.0,7699931.0,28234.015517142114
STDDEV,int64_t,"min, max",4096,0.001,72692.1,1330.3041799194327
STDDEV,int64_t,"min, max",4096,0.01,178581.1,5842.108589085508
STDDEV,int64_t,"min, max",4096,0.05,590756.0,9330.146896545157
STDDEV,int64_t,"min, max",4096,0.1,1418121.0,23130.068669735203
STDDEV,int64_t,"min, max",4096,0.2,2942197.0,17925.934068333034
STDDEV,int64_t,"min, max",4096,0.25,30623460.0,9367.58002664234
STDDEV,int64_t,"min, max",4096,1.0,30634670.0,17784.140875135563
STDDEV,int64_t,"min, max, mean, sparsity, numDistinctApprox",1024,0.001,63188.3,1409.0698310903153
STDDEV,int64_t,"min, max, mean, sparsity, numDistinctApprox",1024,0.01,99386.5,2282.4992758913268
STDDEV,int64_t,"min, max, mean, sparsity, numDistinctApprox",1024,0.05,134566.9,2500.9471294780383
STDDEV,int64_t,"min, max, mean, sparsity, numDistinctApprox",1024,0.1,164749.9,3264.9017834470233
STDDEV,int64_t,"min, max, mean, sparsity, numDistinctApprox",1024,0.2,225414.3,4319.221921956676
STDDEV,int64_t,"min, max, mean, sparsity, numDistinctApprox",1024,0.25,1802618.0,39689.77640540584
STDDEV,int64_t,"min, max, mean, sparsity, numDistinctApprox",1024,1.0,1824546.0,34859.21915361847
STDDEV,int64_t,"min, max, mean, sparsity, numDistinctApprox",2048,0.001,141404.2,3600.9735967435854
STDDEV,int64_t,"min, max, mean, sparsity, numDistinctApprox",2048,0.01,213981.2,4065.651862452893
STDDEV,int64_t,"min, max, mean, sparsity, numDistinctApprox",2048,0.05,324419.1,4630.198398677006
STDDEV,int64_t,"min, max, mean, sparsity, numDistinctApprox",2048,0.1,446139.1,3058.684737304943
STDDEV,int64_t,"min, max, mean, sparsity, numDistinctApprox",2048,0.2,725919.6,37150.530934444425
STDDEV,int64_t,"min, max, mean, sparsity, numDistinctApprox",2048,0.25,7591568.0,14237.331054504393
STDDEV,int64_t,"min, max, mean, sparsity, numDistinctApprox",2048,1.0,7594592.0,20864.87468343755
STDDEV,int64_t,"min, max, mean, sparsity, numDistinctApprox",4096,0.001,302160.9,6135.411666891004
STDDEV,int64_t,"min, max, mean, sparsity, numDistinctApprox",4096,0.01,470558.0,11505.51433009407
STDDEV,int64_t,"min, max, mean, sparsity, numDistinctApprox",4096,0.05,881567.4,4567.652331583719
STDDEV,int64_t,"min, max, mean, sparsity, numDistinctApprox",4096,0.1,1615370.0,17012.92449874507
STDDEV,int64_t,"min, max, mean, sparsity, numDistinctApprox",4096,0.2,3147601.0,24903.972663903332
STDDEV,int64_t,"min, max, mean, sparsity, numDistinctApprox",4096,0.25,30205120.0,13738.251546523661
STDDEV,int64_t,"min, max, mean, sparsity, numDistinctApprox",4096,1.0,30197110.0,13151.801735461499
STDDEV,int64_t,numDistinct,1024,0.001,37536.9,1657.794750062062
STDDEV,int64_t,numDistinct,1024,0.01,63343.0,1506.5996297770841
STDDEV,int64_t,numDistinct,1024,0.05,95267.7,3136.874702629993
STDDEV,int64_t,numDistinct,1024,0.1,126678.0,2500.6457832594633
STDDEV,int64_t,numDistinct,1024,0.2,188565.2,7370.810445413869
STDDEV,int64_t,numDistinct,1024,0.25,1678519.0,6202.0058583225045
STDDEV,int64_t,numDistinct,1024,1.0,1695413.0,50570.35188724715
STDDEV,int64_t,numDistinct,2048,0.001,78140.9,2669.1532760617397
STDDEV,int64_t,numDistinct,2048,0.01,124804.8,2447.2173222299302
STDDEV,int64_t,numDistinct,2048,0.05,245879.9,3227.382924978759
STDDEV,int64_t,numDistinct,2048,0.1,374184.1,12038.316414681905
STDDEV,int64_t,numDistinct,2048,0.2,665893.8,47630.64862226609
STDDEV,int64_t,numDistinct,2048,0.25,6803037.0,14884.734200590237
STDDEV,int64_t,numDistinct,2048,1.0,6801599.0,22662.402760715537
STDDEV,int64_t,numDistinct,4096,0.001,148110.3,6462.906381806872
STDDEV,int64_t,numDistinct,4096,0.01,312542.5,8202.629324389425
STDDEV,int64_t,numDistinct,4096,0.05,741897.2,12586.275204011354
STDDEV,int64_t,numDistinct,4096,0.1,1547184.0,32602.548366653795
STDDEV,int64_t,numDistinct,4096,0.2,3127510.0,25041.25973047067
STDDEV,int64_t,numDistinct,4096,0.25,26970580.0,42756.280890128095
STDDEV,int64_t,numDistinct,4096,1.0,26959160.0,16671.879184890717
STDDEV,int64_t,numDistinctApprox,1024,0.001,64409.0,2093.560284937281
STDDEV,int64_t,numDistinctApprox,1024,0.01,99536.6,1461.807952122608
STDDEV,int64_t,numDistinctApprox,1024,0.05,133477.2,2455.9246640635283
STDDEV,int64_t,numDistinctApprox,1024,0.1,161933.2,2265.664327398139
STDDEV,int64_t,numDistinctApprox,1024,0.2,221972.9,4277.939313111704
STDDEV,int64_t,numDistinctApprox,1024,0.25,1717194.0,4690.345166166114
STDDEV,int64_t,numDistinctApprox,1024,1.0,1762454.0,70453.07093693252
STDDEV,int64_t,numDistinctApprox,2048,0.001,141588.5,3296.799533891419
STDDEV,int64_t,numDistinctApprox,2048,0.01,207263.9,3392.387014412647
STDDEV,int64_t,numDistinctApprox,2048,0.05,321582.8,5180.479402955332
STDDEV,int64_t,numDistinctApprox,2048,0.1,437146.7,5209.852718114447
STDDEV,int64_t,numDistinctApprox,2048,0.2,708907.5,41324.0357506648
STDDEV,int64_t,numDistinctApprox,2048,0.25,6952645.0,64283.24963264802
STDDEV,int64_t,numDistinctApprox,2048,1.0,6918256.0,57598.80635337277
STDDEV,int64_t,numDistinctApprox,4096,0.001,296639.1,10146.454404810036
STDDEV,int64_t,numDistinctApprox,4096,0.01,459292.1,6049.257869083338
STDDEV,int64_t,numDistinctApprox,4096,0.05,872021.6,7390.835469237109
STDDEV,int64_t,numDistinctApprox,4096,0.1,1627159.0,50689.053267062605
STDDEV,int64_t,numDistinctApprox,4096,0.2,3123774.0,26178.703473540394
STDDEV,int64_t,numDistinctApprox,4096,0.25,27417340.0,280676.6593628886
STDDEV,int64_t,numDistinctApprox,4096,1.0,27283210.0,116629.8270407513
STDDEV,int64_t,sparsity,1024,0.001,12399.3,772.1023320202517
STDDEV,int64_t,sparsity,1024,0.01,26296.4,1187.6601833483815
STDDEV,int64_t,sparsity,1024,0.05,61466.9,2555.8160014628074
STDDEV,int64_t,sparsity,1024,0.1,93854.8,7359.208680286217
STDDEV,int64_t,sparsity,1024,0.2,172348.0,26722.538606119662
STDDEV,int64_t,sparsity,1024,0.25,1938730.0,72776.84445542337
STDDEV,int64_t,sparsity,1024,1.0,1916890.0,47792.59868315269
STDDEV,int64_t,sparsity,2048,0.001,29278.6,2362.331108601558
STDDEV,int64_t,sparsity,2048,0.01,70846.8,2272.4170098524314
STDDEV,int64_t,sparsity,2048,0.05,184061.0,13862.23792258026
STDDEV,int64_t,sparsity,2048,0.1,340699.7,25818.759880925514
STDDEV,int64_t,sparsity,2048,0.2,654460.5,79177.74903658223
STDDEV,int64_t,sparsity,2048,0.25,7873101.0,299785.7153015948
STDDEV,int64_t,sparsity,2048,1.0,7735206.0,51671.864512732995
STDDEV,int64_t,sparsity,4096,0.001,74093.7,1757.0106589191628
STDDEV,int64_t,sparsity,4096,0.01,199828.0,6782.268384872761
STDDEV,int64_t,sparsity,4096,0.05,689471.0,37801.088314726825
STDDEV,int64_t,sparsity,4096,0.1,1542567.0,68055.36292852557
STDDEV,int64_t,sparsity,4096,0.2,3290417.0,149486.78470390316
STDDEV,int64_t,sparsity,4096,0.25,31051310.0,496186.6975018356
STDDEV,int64_t,sparsity,4096,1.0,30651980.0,81044.70371344435
SUM,double,min,1024,0.001,10457.8,1729.0608112177224
SUM,double,min,1024,0.01,15728.4,306.5641857751814
SUM,double,min,1024,0.05,25300.2,316.98117714884364
SUM,double,min,1024,0.1,31673.4,663.3698817401953
SUM,double,min,1024,0.2,49937.0,2637.9568272096917
SUM,double,min,1024,0.25,1608388.0,3726.6988668853232
SUM,double,min,1024,1.0,1614100.0,21131.874818229764
SUM,double,min,2048,0.001,21188.8,1241.3561401413642
SUM,double,min,2048,0.01,36071.0,890.4944943369627
SUM,double,min,2048,0.05,60626.2,884.5914059923681
SUM,double,min,2048,0.1,94697.3,1849.4373949333285
SUM,double,min,2048,0.2,188552.1,18753.365365833528
SUM,double,min,2048,0.25,6450994.0,8897.780247529816
SUM,double,min,2048,1.0,6445801.0,14343.348013006522
SUM,double,min,4096,0.001,52688.6,1084.7282506590197
SUM,double,min,4096,0.01,87659.1,1847.9148880111698
SUM,double,min,4096,0.05,209380.1,44866.64581586936
SUM,double,min,4096,0.1,584758.6,17017.366575224143
SUM,double,min,4096,0.2,1377606.0,17916.773767121762
SUM,double,min,4096,0.25,25684950.0,9466.813379144596
SUM,double,min,4096,1.0,25695160.0,29029.877329706127
SUM,double,"min, max",1024,0.001,10715.0,1242.2661192800483
SUM,double,"min, max",1024,0.01,16687.0,485.1386972357036
SUM,double,"min, max",1024,0.05,25149.7,548.4710161490354
SUM,double,"min, max",1024,0.1,31702.5,575.6706716710715
SUM,double,"min, max",1024,0.2,50417.7,3726.3284894264366
SUM,double,"min, max",1024,0.25,1287498.0,1526.2575871137535
SUM,double,"min, max",1024,1.0,1312025.0,65156.14940706329
SUM,double,"min, max",2048,0.001,23607.7,981.7055510125696
SUM,double,"min, max",2048,0.01,36683.2,436.2333218715774
SUM,double,"min, max",2048,0.05,61572.4,606.3435403209052
SUM,double,"min, max",2048,0.1,94349.7,1468.572931643354
SUM,double,"min, max",2048,0.2,190231.9,18148.80991170251
SUM,double,"min, max",2048,0.25,5178296.0,3091.4980187604733
SUM,double,"min, max",2048,1.0,5168092.0,8295.279514411914
SUM,double,"min, max",4096,0.001,55803.5,1523.292140216198
SUM,double,"min, max",4096,0.01,88833.2,1607.4037589991026
SUM,double,"min, max",4096,0.05,207662.8,43408.00552330309
SUM,double,"min, max",4096,0.1,570133.2,15293.683415057336
SUM,double,"min, max",4096,0.2,1374284.0,17547.904718227757
SUM,double,"min, max",4096,0.25,20690480.0,5034.5031753116355
SUM,double,"min, max",4096,1.0,20691400.0,5263.290056820031
SUM,double,"min, max, mean, sparsity, numDistinctApprox",1024,0.001,95053.0,2376.6419821065006
SUM,double,"min, max, mean, sparsity, numDistinctApprox",1024,0.01,122792.1,1436.0295919266027
SUM,double,"min, max, mean, sparsity, numDistinctApprox",1024,0.05,139837.2,3127.068801431925
SUM,double,"min, max, mean, sparsity, numDistinctApprox",1024,0.1,145600.1,2853.7872477736605
SUM,double,"min, max, mean, sparsity, numDistinctApprox",1024,0.2,173202.8,10523.937305020396
SUM,double,"min, max, mean, sparsity, numDistinctApprox",1024,0.25,1413492.0,15020.775094662864
SUM,double,"min, max, mean, sparsity, numDistinctApprox",1024,1.0,1415767.0,18773.51565370748
SUM,double,"min, max, mean, sparsity, numDistinctApprox",2048,0.001,216184.9,5841.245823167078
SUM,double,"min, max, mean, sparsity, numDistinctApprox",2048,0.01,232522.0,2949.5777852281
SUM,double,"min, max, mean, sparsity, numDistinctApprox",2048,0.05,268282.6,3444.2100916691425
SUM,double,"min, max, mean, sparsity, numDistinctApprox",2048,0.1,304971.8,3470.569879557105
SUM,double,"min, max, mean, sparsity, numDistinctApprox",2048,0.2,422582.5,19787.29122020831
SUM,double,"min, max, mean, sparsity, numDistinctApprox",2048,0.25,5458773.0,6385.3513781328165
SUM,double,"min, max, mean, sparsity, numDistinctApprox",2048,1.0,5454080.0,7578.8506897667085
SUM,double,"min, max, mean, sparsity, numDistinctApprox",4096,0.001,351431.3,4942.926259930551
SUM,double,"min, max, mean, sparsity, numDistinctApprox",4096,0.01,395040.8,3210.2237305209787
SUM,double,"min, max, mean, sparsity, numDistinctApprox",4096,0.05,543784.4,33334.66587069851
SUM,double,"min, max, mean, sparsity, numDistinctApprox",4096,0.1,941054.2,30997.159991055814
SUM,double,"min, max, mean, sparsity, numDistinctApprox",4096,0.2,1755165.0,18659.957871811443
SUM,double,"min, max, mean, sparsity, numDistinctApprox",4096,0.25,21203750.0,13750.252522933788
SUM,double,"min, max, mean, sparsity, numDistinctApprox",4096,1.0,21168330.0,19467.982261481076
SUM,double,numDistinct,1024,0.001,71641.5,4194.91610961014
SUM,double,numDistinct,1024,0.01,93845.8,1790.5529747973246
SUM,double,numDistinct,1024,0.05,103112.3,1598.4498080605747
SUM,double,numDistinct,1024,0.1,130311.0,55043.9475288206
SUM,double,numDistinct,1024,0.2,133853.8,5998.1931316392665
SUM,double,numDistinct,1024,0.25,2646204.0,6572.960097585063
SUM,double,numDistinct,1024,1.0,2668658.0,43774.202143880786
SUM,double,numDistinct,2048,0.001,163116.8,2543.1369430510554
SUM,double,numDistinct,2048,0.01,190071.2,2390.032905398772
SUM,double,numDistinct,2048,0.05,219832.7,2259.4120203667576
SUM,double,numDistinct,2048,0.1,257920.5,2550.489680651757
SUM,double,numDistinct,2048,0.2,361074.2,23258.72596013997
SUM,double,numDistinct,2048,0.25,10527230.0,10227.528212297088
SUM,double,numDistinct,2048,1.0,10511230.0,9592.36386113683
SUM,double,numDistinct,4096,0.001,385509.4,32354.42877532808
SUM,double,numDistinct,4096,0.01,394464.2,5161.48761501953
SUM,double,numDistinct,4096,0.05,542548.4,44842.95008186286
SUM,double,numDistinct,4096,0.1,966270.2,8774.834342215972
SUM,double,numDistinct,4096,0.2,1778117.0,35267.54505837407
SUM,double,numDistinct,4096,0.25,41693050.0,15896.627874419602
SUM,double,numDistinct,4096,1.0,41627340.0,33744.66871472662
SUM,double,numDistinctApprox,1024,0.001,91635.0,2007.1452363991987
SUM,double,numDistinctApprox,1024,0.01,121464.8,1733.0407958268056
SUM,double,numDistinctApprox,1024,0.05,135587.4,2978.558085159108
SUM,double,numDistinctApprox,1024,0.1,144855.1,2069.2248924550317
SUM,double,numDistinctApprox,1024,0.2,166709.5,2892.620159801297
SUM,double,numDistinctApprox,1024,0.25,1408034.0,1844.012533097934
SUM,double,numDistinctApprox,1024,1.0,1413513.0,18115.10483914822
SUM,double,numDistinctApprox,2048,0.001,213635.2,3836.9328259836752
SUM,double,numDistinctApprox,2048,0.01,230793.8,3021.656234583942
SUM,double,numDistinctApprox,2048,0.05,266857.1,2346.9041286104753
SUM,double,numDistinctApprox,2048,0.1,304220.6,4791.1024757704145
SUM,double,numDistinctApprox,2048,0.2,407806.7,19438.86921751251
SUM,double,numDistinctApprox,2048,0.25,5440533.0,4750.859688285688
SUM,double,numDistinctApprox,2048,1.0,5436691.0,6310.647880104436
SUM,double,numDistinctApprox,4096,0.001,349473.5,5476.945017272147
SUM,double,numDistinctApprox,4096,0.01,392293.9,5907.300200223064
SUM,double,numDistinctApprox,4096,0.05,535201.3,31769.656889868984
SUM,double,numDistinctApprox,4096,0.1,921384.9,26836.166725977186
SUM,double,numDistinctApprox,4096,0.2,1761532.0,19434.390365763706
SUM,double,numDistinctApprox,4096,0.25,21169730.0,7091.630434690356
SUM,double,numDistinctApprox,4096,1.0,21158910.0,8612.96825851714
SUM,double,sparsity,1024,0.001,11247.3,1051.3477118019096
SUM,double,sparsity,1024,0.01,16303.7,104.38396002792335
SUM,double,sparsity,1024,0.05,25236.0,434.77784876621513
SUM,double,sparsity,1024,0.1,32890.5,677.9477610160436
SUM,double,sparsity,1024,0.2,51607.1,4713.960105662517
SUM,double,sparsity,1024,0.25,1614819.0,2954.0309559801162
SUM,double,sparsity,1024,1.0,1623608.0,32552.579962611617
SUM,double,sparsity,2048,0.001,24123.0,970.065977137638
SUM,double,sparsity,2048,0.01,37728.6,906.0380418797725
SUM,double,sparsity,2048,0.05,63491.1,1278.8754130962936
SUM,double,sparsity,2048,0.1,96349.3,1665.1750024813875
SUM,double,sparsity,2048,0.2,191568.2,15975.27170904388
SUM,double,sparsity,2048,0.25,6502539.0,10170.369216503412
SUM,double,sparsity,2048,1.0,6500572.0,7636.437214652782
SUM,double,sparsity,4096,0.001,56611.3,1328.3190756240256
SUM,double,sparsity,4096,0.01,89999.8,1674.8938142129764
SUM,double,sparsity,4096,0.05,214844.0,44750.5701813458
SUM,double,sparsity,4096,0.1,587734.2,18508.191074344475
SUM,double,sparsity,4096,0.2,1384627.0,17939.122392754383
SUM,double,sparsity,4096,0.25,25942900.0,17203.22967093984
SUM,double,sparsity,4096,1.0,25952980.0,43494.00469541085
SUM,int64_t,min,1024,0.001,8773.4,957.1361449658037
SUM,int64_t,min,1024,0.01,15495.6,483.15794518976924
SUM,int64_t,min,1024,0.05,24735.4,518.1182190281376
SUM,int64_t,min,1024,0.1,32139.6,916.7335975565034
SUM,int64_t,min,1024,0.2,50867.5,3978.8828764421364
SUM,int64_t,min,1024,0.25,1180196.0,3638.611456769316
SUM,int64_t,min,1024,1.0,1181844.0,14401.600374032512
SUM,int64_t,min,2048,0.001,20210.5,1149.4457843287394
SUM,int64_t,min,2048,0.01,35130.0,326.93968183069404
SUM,int64_t,min,2048,0.05,61030.2,1551.435736485545
SUM,int64_t,min,2048,0.1,99806.7,10617.180396257132
SUM,int64_t,min,2048,0.2,202199.3,37912.69458476643
SUM,int64_t,min,2048,0.25,4434683.0,4176.825083454912
SUM,int64_t,min,2048,1.0,4436849.0,7550.838731926186
SUM,int64_t,min,4096,0.001,51126.3,1150.6035179659218
SUM,int64_t,min,4096,0.01,85078.9,774.9918207453705
SUM,int64_t,min,4096,0.05,196758.3,6182.871987281568
SUM,int64_t,min,4096,0.1,575199.8,14789.453868663755
SUM,int64_t,min,4096,0.2,1400351.0,25538.011081523116
SUM,int64_t,min,4096,0.25,17537750.0,9980.34178884812
SUM,int64_t,min,4096,1.0,17542000.0,16805.885212561185
SUM,int64_t,"min, max",1024,0.001,8718.4,1042.630668602795
SUM,int64_t,"min, max",1024,0.01,15676.2,297.57867307094847
SUM,int64_t,"min, max",1024,0.05,24383.9,690.1000652079373
SUM,int64_t,"min, max",1024,0.1,32267.2,694.9047576626758
SUM,int64_t,"min, max",1024,0.2,50923.0,5115.851922103386
SUM,int64_t,"min, max",1024,0.25,1176694.0,3272.3698514141743
SUM,int64_t,"min, max",1024,1.0,1181439.0,15198.038214044436
SUM,int64_t,"min, max",2048,0.001,19741.4,2051.621429233203
SUM,int64_t,"min, max",2048,0.01,35913.3,463.02868881600216
SUM,int64_t,"min, max",2048,0.05,61453.9,1108.5046434022934
SUM,int64_t,"min, max",2048,0.1,97939.8,7459.526344808291
SUM,int64_t,"min, max",2048,0.2,198987.2,45018.14356160562
SUM,int64_t,"min, max",2048,0.25,4434923.0,3216.8447273687466
SUM,int64_t,"min, max",2048,1.0,4438476.0,7751.116335370251
SUM,int64_t,"min, max",4096,0.001,51901.7,979.3723670460247
SUM,int64_t,"min, max",4096,0.01,85319.6,1149.227102592579
SUM,int64_t,"min, max",4096,0.05,198064.8,10215.53498680645
SUM,int64_t,"min, max",4096,0.1,570958.3,13438.425470352628
SUM,int64_t,"min, max",4096,0.2,1389114.0,41544.06046596793
SUM,int64_t,"min, max",4096,0.25,17535670.0,7732.478401018911
SUM,int64_t,"min, max",4096,1.0,17535760.0,7164.449269366651
SUM,int64_t,"min, max, mean, sparsity, numDistinctApprox",1024,0.001,62386.5,1235.497133410947
SUM,int64_t,"min, max, mean, sparsity, numDistinctApprox",1024,0.01,98564.7,1760.3513569739412
SUM,int64_t,"min, max, mean, sparsity, numDistinctApprox",1024,0.05,122866.2,2263.9812916384467
SUM,int64_t,"min, max, mean, sparsity, numDistinctApprox",1024,0.1,135777.4,1541.1369684604804
SUM,int64_t,"min, max, mean, sparsity, numDistinctApprox",1024,0.2,160237.7,7624.886535403514
SUM,int64_t,"min, max, mean, sparsity, numDistinctApprox",1024,0.25,1401949.0,2823.0458334532404
SUM,int64_t,"min, max, mean, sparsity, numDistinctApprox",1024,1.0,1409769.0,18215.149037118616
SUM,int64_t,"min, max, mean, sparsity, numDistinctApprox",2048,0.001,134148.5,2982.238877458048
SUM,int64_t,"min, max, mean, sparsity, numDistinctApprox",2048,0.01,198622.9,2315.6405137432052
SUM,int64_t,"min, max, mean, sparsity, numDistinctApprox",2048,0.05,262167.3,3426.195202650704
SUM,int64_t,"min, max, mean, sparsity, numDistinctApprox",2048,0.1,304525.3,6672.069511528389
SUM,int64_t,"min, max, mean, sparsity, numDistinctApprox",2048,0.2,413982.5,41666.35972220276
SUM,int64_t,"min, max, mean, sparsity, numDistinctApprox",2048,0.25,5498794.0,6012.977077399671
SUM,int64_t,"min, max, mean, sparsity, numDistinctApprox",2048,1.0,5462266.0,7303.2400724305335
SUM,int64_t,"min, max, mean, sparsity, numDistinctApprox",4096,0.001,286541.1,5057.408832594014
SUM,int64_t,"min, max, mean, sparsity, numDistinctApprox",4096,0.01,411423.9,5242.640947080013
SUM,int64_t,"min, max, mean, sparsity, numDistinctApprox",4096,0.05,545941.1,6156.108753822401
SUM,int64_t,"min, max, mean, sparsity, numDistinctApprox",4096,0.1,958674.4,42793.20531527823
SUM,int64_t,"min, max, mean, sparsity, numDistinctApprox",4096,0.2,1776768.0,25433.39571857792
SUM,int64_t,"min, max, mean, sparsity, numDistinctApprox",4096,0.25,21376920.0,43275.16095354885
SUM,int64_t,"min, max, mean, sparsity, numDistinctApprox",4096,1.0,21257540.0,18608.91064935194
SUM,int64_t,numDistinct,1024,0.001,29759.6,2901.0876964032336
SUM,int64_t,numDistinct,1024,0.01,59854.8,1619.227785773891
SUM,int64_t,numDistinct,1024,0.05,75730.7,1182.3299078984264
SUM,int64_t,numDistinct,1024,0.1,87394.9,3479.4453724695854
SUM,int64_t,numDistinct,1024,0.2,109043.4,7559.6649573024515
SUM,int64_t,numDistinct,1024,0.25,1342338.0,4306.947359273826
SUM,int64_t,numDistinct,1024,1.0,1356065.0,22655.107959722154
SUM,int64_t,numDistinct,2048,0.001,60529.8,1337.6833041576851
SUM,int64_t,numDistinct,2048,0.01,101618.9,1633.2049915563082
SUM,int64_t,numDistinct,2048,0.05,177813.8,2710.9665271100507
SUM,int64_t,numDistinct,2048,0.1,222600.2,9911.618141241004
SUM,int64_t,numDistinct,2048,0.2,340024.1,46259.21125918839
SUM,int64_t,numDistinct,2048,0.25,5346438.0,3707.0377512090845
SUM,int64_t,numDistinct,2048,1.0,5360850.0,13053.897672513145
SUM,int64_t,numDistinct,4096,0.001,127600.5,2103.7608255481687
SUM,int64_t,numDistinct,4096,0.01,215567.9,2567.2017385991862
SUM,int64_t,numDistinct,4096,0.05,370104.3,7720.68655625911
SUM,int64_t,numDistinct,4096,0.1,840936.6,25718.839939278423
SUM,int64_t,numDistinct,4096,0.2,1671593.0,22134.133544771506
SUM,int64_t,numDistinct,4096,0.25,21091630.0,11052.304938085936
SUM,int64_t,numDistinct,4096,1.0,21117780.0,7260.5172757251
SUM,int64_t,numDistinctApprox,1024,0.001,63093.8,2100.9270334783155
SUM,int64_t,numDistinctApprox,1024,0.01,97280.7,1646.7153872684462
SUM,int64_t,numDistinctApprox,1024,0.05,121598.0,1670.1323300864522
SUM,int64_t,numDistinctApprox,1024,0.1,134640.3,2151.6044168635285
SUM,int64_t,numDistinctApprox,1024,0.2,159724.4,8593.367251032105
SUM,int64_t,numDistinctApprox,1024,0.25,1402610.0,2233.5124306297803
SUM,int64_t,numDistinctApprox,1024,1.0,1413622.0,21537.56501247685
SUM,int64_t,numDistinctApprox,2048,0.001,131648.1,1832.6605098720422
SUM,int64_t,numDistinctApprox,2048,0.01,195757.6,3403.5612460414973
SUM,int64_t,numDistinctApprox,2048,0.05,259732.4,2793.1194110607657
SUM,int64_t,numDistinctApprox,2048,0.1,303229.8,7974.690057369695
SUM,int64_t,numDistinctApprox,2048,0.2,409645.9,42288.3715444066
SUM,int64_t,numDistinctApprox,2048,0.25,5494194.0,46210.37165928107
SUM,int64_t,numDistinctApprox,2048,1.0,5451572.0,74327.1744533735
SUM,int64_t,numDistinctApprox,4096,0.001,286410.7,3807.730675875068
SUM,int64_t,numDistinctApprox,4096,0.01,407595.2,3193.2195108455107
SUM,int64_t,numDistinctApprox,4096,0.05,541857.5,8397.476753962057
SUM,int64_t,numDistinctApprox,4096,0.1,934285.0,38407.936659555715
SUM,int64_t,numDistinctApprox,4096,0.2,1773849.0,21300.724792050296
SUM,int64_t,numDistinctApprox,4096,0.25,20165010.0,450335.2317996009
SUM,int64_t,numDistinctApprox,4096,1.0,20374210.0,470668.5539386147
SUM,int64_t,sparsity,1024,0.001,10123.3,778.2386166494466
SUM,int64_t,sparsity,1024,0.01,17067.8,312.34268929423604
SUM,int64_t,sparsity,1024,0.05,25893.8,573.4995495493727
SUM,int64_t,sparsity,1024,0.1,33722.8,1387.4231750503022
SUM,int64_t,sparsity,1024,0.2,52643.2,4512.975337845311
SUM,int64_t,sparsity,1024,0.25,1620359.0,91434.14393248654
SUM,int64_t,sparsity,1024,1.0,1616908.0,17954.38528914629
SUM,int64_t,sparsity,2048,0.001,22633.9,797.0402819877492
SUM,int64_t,sparsity,2048,0.01,38785.0,1024.1998502896463
SUM,int64_t,sparsity,2048,0.05,64590.5,1294.4728871457894
SUM,int64_t,sparsity,2048,0.1,99069.9,7393.922931855746
SUM,int64_t,sparsity,2048,0.2,199701.6,40824.50019616489
SUM,int64_t,sparsity,2048,0.25,5540245.0,314282.6326113347
SUM,int64_t,sparsity,2048,1.0,6433117.0,2212.9218995105466
SUM,int64_t,sparsity,4096,0.001,57767.6,1376.8637631306233
SUM,int64_t,sparsity,4096,0.01,92729.8,1748.6623967415144
SUM,int64_t,sparsity,4096,0.05,201992.7,5752.420998540043
SUM,int64_t,sparsity,4096,0.1,575693.1,9326.245385410413
SUM,int64_t,sparsity,4096,0.2,1391190.0,24465.320580591455
SUM,int64_t,sparsity,4096,0.25,21429560.0,41596.319281611664
SUM,int64_t,sparsity,4096,1.0,25714410.0,42445.87272175125
VAR,double,min,1024,0.001,13338.7,1207.0982699570625
VAR,double,min,1024,0.01,23996.0,680.7608488546717
VAR,double,min,1024,0.05,53539.0,1183.3461971131787
VAR,double,min,1024,0.1,89744.4,1421.1052193431865
VAR,double,min,1024,0.2,183520.2,16538.119588124613
VAR,double,min,1024,0.25,1918946.0,2162.062801020265
VAR,double,min,1024,1.0,1930986.0,38579.10810558251
VAR,double,min,2048,0.001,28237.9,1752.9144905303033
VAR,double,min,2048,0.01,62478.8,2185.07659667421
VAR,double,min,2048,0.05,175485.5,1376.01592771789
VAR,double,min,2048,0.1,354525.1,2177.380406206806
VAR,double,min,2048,0.2,714742.3,25231.529068255495
VAR,double,min,2048,0.25,8018060.0,10881.713508859182
VAR,double,min,2048,1.0,8034826.0,21623.4174501216
VAR,double,min,4096,0.001,70516.7,1729.3919323148123
VAR,double,min,4096,0.01,170615.9,3207.806777569717
VAR,double,min,4096,0.05,752342.1,57902.98225566623
VAR,double,min,4096,0.1,1692021.0,20491.655998370545
VAR,double,min,4096,0.2,3552658.0,33052.556398022294
VAR,double,min,4096,0.25,32442480.0,10892.076630896956
VAR,double,min,4096,1.0,32441310.0,11147.241811318401
VAR,double,"min, max",1024,0.001,13531.2,1451.8555789823665
VAR,double,"min, max",1024,0.01,26052.1,783.5553515156977
VAR,double,"min, max",1024,0.05,57851.0,4522.2815038429435
VAR,double,"min, max",1024,0.1,92141.9,4033.8578295335215
VAR,double,"min, max",1024,0.2,184894.6,14975.491319708566
VAR,double,"min, max",1024,0.25,1921955.0,1302.657540056774
VAR,double,"min, max",1024,1.0,1932600.0,41432.607663261784
VAR,double,"min, max",2048,0.001,28674.4,1001.0539113021506
VAR,double,"min, max",2048,0.01,68719.8,2520.0251233315557
VAR,double,"min, max",2048,0.05,179031.1,8869.803548494681
VAR,double,"min, max",2048,0.1,358460.9,4062.572240725213
VAR,double,"min, max",2048,0.2,718508.6,22613.9523755677
VAR,double,"min, max",2048,0.25,8019638.0,6963.329025050526
VAR,double,"min, max",2048,1.0,8034585.0,18950.44663794967
VAR,double,"min, max",4096,0.001,72800.3,1553.6898053057787
VAR,double,"min, max",4096,0.01,181096.9,1868.6100865497765
VAR,double,"min, max",4096,0.05,755242.0,50055.76435225906
VAR,double,"min, max",4096,0.1,1694876.0,26597.320332862248
VAR,double,"min, max",4096,0.2,3549621.0,30859.205163667677
VAR,double,"min, max",4096,0.25,32445800.0,8773.318135751788
VAR,double,"min, max",4096,1.0,32455910.0,20114.91707387577
VAR,double,"min, max, mean, sparsity, numDistinctApprox",1024,0.001,101773.3,2077.600541757513
VAR,double,"min, max, mean, sparsity, numDistinctApprox",1024,0.01,142096.9,1907.1015500550134
VAR,double,"min, max, mean, sparsity, numDistinctApprox",1024,0.05,182411.6,1771.40723719872
VAR,double,"min, max, mean, sparsity, numDistinctApprox",1024,0.1,224582.6,2891.893620296415
VAR,double,"min, max, mean, sparsity, numDistinctApprox",1024,0.2,308593.0,4124.368934893086
VAR,double,"min, max, mean, sparsity, numDistinctApprox",1024,0.25,2024952.0,1659.5233586116753
VAR,double,"min, max, mean, sparsity, numDistinctApprox",1024,1.0,2039295.0,43126.62525117813
VAR,double,"min, max, mean, sparsity, numDistinctApprox",2048,0.001,231413.1,3659.319501097318
VAR,double,"min, max, mean, sparsity, numDistinctApprox",2048,0.01,273759.4,3304.181566170695
VAR,double,"min, max, mean, sparsity, numDistinctApprox",2048,0.05,410307.4,2098.9153389310377
VAR,double,"min, max, mean, sparsity, numDistinctApprox",2048,0.1,575955.8,3925.2454926765795
VAR,double,"min, max, mean, sparsity, numDistinctApprox",2048,0.2,940358.6,24424.998838621617
VAR,double,"min, max, mean, sparsity, numDistinctApprox",2048,0.25,8204417.0,10745.18088364368
VAR,double,"min, max, mean, sparsity, numDistinctApprox",2048,1.0,8218762.0,22569.66636882343
VAR,double,"min, max, mean, sparsity, numDistinctApprox",4096,0.001,382733.7,5410.637856215392
VAR,double,"min, max, mean, sparsity, numDistinctApprox",4096,0.01,510297.2,5039.954691154372
VAR,double,"min, max, mean, sparsity, numDistinctApprox",4096,0.05,1071171.0,37009.94024132796
VAR,double,"min, max, mean, sparsity, numDistinctApprox",4096,0.1,2011937.0,21169.842832566235
VAR,double,"min, max, mean, sparsity, numDistinctApprox",4096,0.2,3888444.0,29155.282806989806
VAR,double,"min, max, mean, sparsity, numDistinctApprox",4096,0.25,32743560.0,9413.135030961286
VAR,double,"min, max, mean, sparsity, numDistinctApprox",4096,1.0,32739010.0,20220.916013980295
VAR,double,numDistinct,1024,0.001,77049.4,2253.792418717098
VAR,double,numDistinct,1024,0.01,107045.5,2394.2983778598314
VAR,double,numDistinct,1024,0.05,142742.1,1223.6030084231647
VAR,double,numDistinct,1024,0.1,184224.1,2671.5182304366863
VAR,double,numDistinct,1024,0.2,272263.9,9420.043199358368
VAR,double,numDistinct,1024,0.25,3243218.0,4673.722760759727
VAR,double,numDistinct,1024,1.0,3257273.0,61191.95554428168
VAR,double,numDistinct,2048,0.001,190934.8,13530.468044791029
VAR,double,numDistinct,2048,0.01,229201.6,1853.9841902717944
VAR,double,numDistinct,2048,0.05,363566.1,1032.6028009086772
VAR,double,numDistinct,2048,0.1,537008.7,6382.641982578819
VAR,double,numDistinct,2048,0.2,897049.5,21555.203807124322
VAR,double,numDistinct,2048,0.25,13247430.0,11667.909457615353
VAR,double,numDistinct,2048,1.0,13224770.0,22541.766173532593
VAR,double,numDistinct,4096,0.001,392936.0,5221.1850506693745
VAR,double,numDistinct,4096,0.01,523832.2,3934.3745740446398
VAR,double,numDistinct,4096,0.05,1091916.0,35749.12437156091
VAR,double,numDistinct,4096,0.1,2059548.0,27874.535093283004
VAR,double,numDistinct,4096,0.2,3913661.0,35392.36435227862
VAR,double,numDistinct,4096,0.25,53180540.0,13898.856867462657
VAR,double,numDistinct,4096,1.0,53192990.0,35174.87897791786
VAR,double,numDistinctApprox,1024,0.001,101010.3,2664.4934081776637
VAR,double,numDistinctApprox,1024,0.01,142559.7,1865.2065747971888
VAR,double,numDistinctApprox,1024,0.05,180330.8,1887.4425848515546
VAR,double,numDistinctApprox,1024,0.1,220949.3,2063.1581535758896
VAR,double,numDistinctApprox,1024,0.2,307160.3,3125.9725615487478
VAR,double,numDistinctApprox,1024,0.25,2024904.0,2564.1988135781453
VAR,double,numDistinctApprox,1024,1.0,2039434.0,42844.697636411875
VAR,double,numDistinctApprox,2048,0.001,232272.9,2864.117100725225
VAR,double,numDistinctApprox,2048,0.01,273064.2,2003.989509841694
VAR,double,numDistinctApprox,2048,0.05,403583.8,3344.7199783140813
VAR,double,numDistinctApprox,2048,0.1,573934.2,3120.3780682616866
VAR,double,numDistinctApprox,2048,0.2,941300.3,20615.81476035651
VAR,double,numDistinctApprox,2048,0.25,8237129.0,9116.533758933696
VAR,double,numDistinctApprox,2048,1.0,8229614.0,24984.42679394948
VAR,double,numDistinctApprox,4096,0.001,381556.5,6747.301752882
VAR,double,numDistinctApprox,4096,0.01,510418.2,4546.221771977256
VAR,double,numDistinctApprox,4096,0.05,1061655.0,33065.45033045149
VAR,double,numDistinctApprox,4096,0.1,2005542.0,16829.49513998166
VAR,double,numDistinctApprox,4096,0.2,3878032.0,26370.02161546327
VAR,double,numDistinctApprox,4096,0.25,32769740.0,14476.356202058862
VAR,double,numDistinctApprox,4096,1.0,32746540.0,33394.2177296877
VAR,double,sparsity,1024,0.001,13998.9,1253.5150089958147
VAR,double,sparsity,1024,0.01,26518.5,775.8591295389189
VAR,double,sparsity,1024,0.05,58654.0,3792.992017450662
VAR,double,sparsity,1024,0.1,91211.8,3643.828200609292
VAR,double,sparsity,1024,0.2,183816.6,12087.051558497538
VAR,double,sparsity,1024,0.25,2256175.0,8386.235084284788
VAR,double,sparsity,1024,1.0,2270391.0,61433.104620663085
VAR,double,sparsity,2048,0.001,29789.8,1552.5207316561743
VAR,double,sparsity,2048,0.01,69873.2,3217.327628120373
VAR,double,sparsity,2048,0.05,182999.6,12877.081546513391
VAR,double,sparsity,2048,0.1,358791.0,6494.682919298079
VAR,double,sparsity,2048,0.2,720036.8,26394.34033946589
VAR,double,sparsity,2048,0.25,9361794.0,8442.030034957277
VAR,double,sparsity,2048,1.0,9374718.0,19347.92196708593
VAR,double,sparsity,4096,0.001,75499.8,2175.63992118794
VAR,double,sparsity,4096,0.01,190349.9,7288.081251071663
VAR,double,sparsity,4096,0.05,763605.0,55327.47994140583
VAR,double,sparsity,4096,0.1,1701240.0,23192.01586753512
VAR,double,sparsity,4096,0.2,3555946.0,26879.46601652148
VAR,double,sparsity,4096,0.25,37741210.0,22101.60627646728
VAR,double,sparsity,4096,1.0,37723640.0,23985.097224920348
VAR,int64_t,min,1024,0.001,11540.7,987.0338337103186
VAR,int64_t,min,1024,0.01,25255.6,572.4629439729906
VAR,int64_t,min,1024,0.05,61693.6,634.4641133359004
VAR,int64_t,min,1024,0.1,88535.2,2029.9124666404264
VAR,int64_t,min,1024,0.2,150978.1,15238.605874189703
VAR,int64_t,min,1024,0.25,2010567.0,56857.31381664497
VAR,int64_t,min,1024,1.0,1969042.0,52411.04459515719
VAR,int64_t,min,2048,0.001,27033.2,1769.628071406846
VAR,int64_t,min,2048,0.01,67812.7,1666.158725932197
VAR,int64_t,min,2048,0.05,172783.1,634.1362366768378
VAR,int64_t,min,2048,0.1,292362.2,9240.53609315438
VAR,int64_t,min,2048,0.2,591733.9,50026.07506635357
VAR,int64_t,min,2048,0.25,7711867.0,17529.12310033415
VAR,int64_t,min,2048,1.0,7690634.0,26995.274977505098
VAR,int64_t,min,4096,0.001,71544.1,988.9888719742438
VAR,int64_t,min,4096,0.01,211258.0,979.1573474733857
VAR,int64_t,min,4096,0.05,591028.3,6445.842019817482
VAR,int64_t,min,4096,0.1,1426867.0,25491.68058188571
VAR,int64_t,min,4096,0.2,2952795.0,21674.25572219523
VAR,int64_t,min,4096,0.25,30649500.0,10609.429767900072
VAR,int64_t,min,4096,1.0,30612240.0,14215.96911145289
VAR,int64_t,"min, max",1024,0.001,11546.7,906.7024564014615
VAR,int64_t,"min, max",1024,0.01,23927.2,846.3279900054508
VAR,int64_t,"min, max",1024,0.05,54516.3,1096.8567261852293
VAR,int64_t,"min, max",1024,0.1,85238.3,2225.03817944771
VAR,int64_t,"min, max",1024,0.2,153258.1,21567.002441744702
VAR,int64_t,"min, max",1024,0.25,1682026.0,64794.64350289053
VAR,int64_t,"min, max",1024,1.0,1716198.0,82511.48132903149
VAR,int64_t,"min, max",2048,0.001,27098.7,1000.7098647127116
VAR,int64_t,"min, max",2048,0.01,63969.6,2581.459285839009
VAR,int64_t,"min, max",2048,0.05,166463.5,1496.2414577868099
VAR,int64_t,"min, max",2048,0.1,289511.8,11328.188595024558
VAR,int64_t,"min, max",2048,0.2,594111.1,51008.54794694273
VAR,int64_t,"min, max",2048,0.25,6831654.0,130753.28516799195
VAR,int64_t,"min, max",2048,1.0,6775160.0,42411.077955332934
VAR,int64_t,"min, max",4096,0.001,70730.4,1517.2546259609826
VAR,int64_t,"min, max",4096,0.01,174512.5,3829.2534012665055
VAR,int64_t,"min, max",4096,0.05,598886.7,18739.900314273
VAR,int64_t,"min, max",4096,0.1,1419840.0,21299.246204710827
VAR,int64_t,"min, max",4096,0.2,2946948.0,32208.794451205395
VAR,int64_t,"min, max",4096,0.25,27702130.0,591444.9801592333
VAR,int64_t,"min, max",4096,1.0,27136240.0,216578.68572671482
VAR,int64_t,"min, max, mean, sparsity, numDistinctApprox",1024,0.001,67419.3,2515.9424145503285
VAR,int64_t,"min, max, mean, sparsity, numDistinctApprox",1024,0.01,115207.5,1474.1032113721812
VAR,int64_t,"min, max, mean, sparsity, numDistinctApprox",1024,0.05,151967.0,1501.8234102435488
VAR,int64_t,"min, max, mean, sparsity, numDistinctApprox",1024,0.1,184659.7,1976.7085464928207
VAR,int64_t,"min, max, mean, sparsity, numDistinctApprox",1024,0.2,251323.9,7198.151220201539
VAR,int64_t,"min, max, mean, sparsity, numDistinctApprox",1024,0.25,1843620.0,22882.671269859296
VAR,int64_t,"min, max, mean, sparsity, numDistinctApprox",1024,1.0,1861935.0,63597.12244538531
VAR,int64_t,"min, max, mean, sparsity, numDistinctApprox",2048,0.001,162030.7,2460.7330457045136
VAR,int64_t,"min, max, mean, sparsity, numDistinctApprox",2048,0.01,251022.8,2178.1824125224734
VAR,int64_t,"min, max, mean, sparsity, numDistinctApprox",2048,0.05,357949.8,2966.628044692415
VAR,int64_t,"min, max, mean, sparsity, numDistinctApprox",2048,0.1,486026.0,5629.426712473564
VAR,int64_t,"min, max, mean, sparsity, numDistinctApprox",2048,0.2,773522.7,45272.57821254618
VAR,int64_t,"min, max, mean, sparsity, numDistinctApprox",2048,0.25,7641354.0,13847.608858973179
VAR,int64_t,"min, max, mean, sparsity, numDistinctApprox",2048,1.0,7629319.0,22779.753412966416
VAR,int64_t,"min, max, mean, sparsity, numDistinctApprox",4096,0.001,362857.9,3754.9266733482623
VAR,int64_t,"min, max, mean, sparsity, numDistinctApprox",4096,0.01,532588.8,6332.463778902427
VAR,int64_t,"min, max, mean, sparsity, numDistinctApprox",4096,0.05,924366.6,10370.88078548138
VAR,int64_t,"min, max, mean, sparsity, numDistinctApprox",4096,0.1,1678428.0,21771.933410803093
VAR,int64_t,"min, max, mean, sparsity, numDistinctApprox",4096,0.2,3223302.0,21225.800233573205
VAR,int64_t,"min, max, mean, sparsity, numDistinctApprox",4096,0.25,30225970.0,13930.62573373269
VAR,int64_t,"min, max, mean, sparsity, numDistinctApprox",4096,1.0,30236830.0,10340.218136534508
VAR,int64_t,numDistinct,1024,0.001,37601.8,1589.810037569128
VAR,int64_t,numDistinct,1024,0.01,79100.7,1596.5877537910537
VAR,int64_t,numDistinct,1024,0.05,109190.9,1549.9921469335104
VAR,int64_t,numDistinct,1024,0.1,140145.3,2441.3318792094706
VAR,int64_t,numDistinct,1024,0.2,208200.8,11967.838139502614
VAR,int64_t,numDistinct,1024,0.25,1692316.0,4388.455055914086
VAR,int64_t,numDistinct,1024,1.0,1708620.0,54464.93387696549
VAR,int64_t,numDistinct,2048,0.001,98537.5,2509.0047717061925
VAR,int64_t,numDistinct,2048,0.01,163016.2,2113.237421588024
VAR,int64_t,numDistinct,2048,0.05,282792.7,11399.59172806933
VAR,int64_t,numDistinct,2048,0.1,416259.5,11497.175471972814
VAR,int64_t,numDistinct,2048,0.2,717327.3,47679.14652025557
VAR,int64_t,numDistinct,2048,0.25,6846502.0,17496.26106089838
VAR,int64_t,numDistinct,2048,1.0,6839973.0,28060.465288769126
VAR,int64_t,numDistinct,4096,0.001,204628.3,5463.606136162381
VAR,int64_t,numDistinct,4096,0.01,364271.5,7474.55854140489
VAR,int64_t,numDistinct,4096,0.05,784865.2,6648.761518759205
VAR,int64_t,numDistinct,4096,0.1,1594389.0,24989.958183238337
VAR,int64_t,numDistinct,4096,0.2,3195793.0,22349.346025729206
VAR,int64_t,numDistinct,4096,0.25,27020960.0,9757.185386507184
VAR,int64_t,numDistinct,4096,1.0,26967900.0,9345.468301683715
VAR,int64_t,numDistinctApprox,1024,0.001,66387.8,1652.1797588505783
VAR,int64_t,numDistinctApprox,1024,0.01,114940.7,2595.6567591095527
VAR,int64_t,numDistinctApprox,1024,0.05,150632.4,2298.9569712275093
VAR,int64_t,numDistinctApprox,1024,0.1,182381.5,2795.2387395553715
VAR,int64_t,numDistinctApprox,1024,0.2,248714.8,12604.126015802212
VAR,int64_t,numDistinctApprox,1024,0.25,1772666.0,44216.020776787846
VAR,int64_t,numDistinctApprox,1024,1.0,1782502.0,64111.71600330856
VAR,int64_t,numDistinctApprox,2048,0.001,159878.2,2507.1935970988206
VAR,int64_t,numDistinctApprox,2048,0.01,247776.4,2834.4636255285463
VAR,int64_t,numDistinctApprox,2048,0.05,355998.4,2242.6594926559796
VAR,int64_t,numDistinctApprox,2048,0.1,477045.6,6089.599698575347
VAR,int64_t,numDistinctApprox,2048,0.2,765891.7,48238.91814488473
VAR,int64_t,numDistinctApprox,2048,0.25,6958659.0,41066.78123631198
VAR,int64_t,numDistinctApprox,2048,1.0,6931545.0,34664.63335383134
VAR,int64_t,numDistinctApprox,4096,0.001,366085.8,5372.688501423969
VAR,int64_t,numDistinctApprox,4096,0.01,523260.6,4971.616799392325
VAR,int64_t,numDistinctApprox,4096,0.05,908270.2,7047.039438263726
VAR,int64_t,numDistinctApprox,4096,0.1,1665585.0,18848.3976625188
VAR,int64_t,numDistinctApprox,4096,0.2,3193934.0,18317.172998764483
VAR,int64_t,numDistinctApprox,4096,0.25,27367800.0,181878.37816641232
VAR,int64_t,numDistinctApprox,4096,1.0,27478920.0,201348.6572534761
VAR,int64_t,sparsity,1024,0.001,11978.0,1415.4146624458385
VAR,int64_t,sparsity,1024,0.01,25900.3,1210.6528128796188
VAR,int64_t,sparsity,1024,0.05,61704.8,2718.036415421169
VAR,int64_t,sparsity,1024,0.1,97397.6,4447.018306935807
VAR,int64_t,sparsity,1024,0.2,172302.1,8427.124571551347
VAR,int64_t,sparsity,1024,0.25,2055108.0,127877.49126931342
VAR,int64_t,sparsity,1024,1.0,1926554.0,80950.52716869046
VAR,int64_t,sparsity,2048,0.001,27172.7,1600.3521869333083
VAR,int64_t,sparsity,2048,0.01,68790.8,1569.0404569530895
VAR,int64_t,sparsity,2048,0.05,184938.1,11405.177736936464
VAR,int64_t,sparsity,2048,0.1,329066.0,26141.601396156962
VAR,int64_t,sparsity,2048,0.2,657873.2,67838.36479259605
VAR,int64_t,sparsity,2048,0.25,7946242.0,417850.4016670719
VAR,int64_t,sparsity,2048,1.0,7699241.0,24442.464619319016
VAR,int64_t,sparsity,4096,0.001,71938.5,756.684324316731
VAR,int64_t,sparsity,4096,0.01,203752.2,3585.709004739049
VAR,int64_t,sparsity,4096,0.05,684513.3,27075.248549387517
VAR,int64_t,sparsity,4096,0.1,1533338.0,51058.68362319315
VAR,int64_t,sparsity,4096,0.2,3243463.0,120249.61483421801
VAR,int64_t,sparsity,4096,0.25,31269130.0,358449.28372086346
VAR,int64_t,sparsity,4096,1.0,30819440.0,433269.977932671
