mode,op,element_type,analysis,n,sparsity,select-matrix-repr,mean_ns,std_ns
naive,,int64_t,max,1024,0.001,False,29954.0,1384.3400352996127
naive,,int64_t,max,1024,0.01,False,32778.8,1728.3702535433026
naive,,int64_t,max,1024,0.05,False,33806.9,1011.1127478619226
naive,,int64_t,max,1024,0.1,False,34106.3,1572.7719372708382
naive,,int64_t,max,1024,0.2,False,35768.5,6455.555596194301
naive,,int64_t,max,1024,0.25,True,34040.3,1735.3430688675555
naive,,int64_t,max,1024,1.0,True,33080.5,1661.287469270612
naive,,int64_t,max,2048,0.001,False,33612.4,1009.6120487042974
naive,,int64_t,max,2048,0.01,False,37647.2,5829.262899848964
naive,,int64_t,max,2048,0.05,False,37928.8,1647.2992577077314
naive,,int64_t,max,2048,0.1,False,37400.7,1356.9608239657393
naive,,int64_t,max,2048,0.2,False,37120.6,1115.3334528790522
naive,,int64_t,max,2048,0.25,True,36418.5,1359.9614577871928
naive,,int64_t,max,2048,1.0,True,35072.7,1556.1231777865285
naive,,int64_t,max,4096,0.001,False,43034.4,1926.5824203034306
naive,,int64_t,max,4096,0.01,False,45158.0,3170.467753782994
naive,,int64_t,max,4096,0.05,False,43818.8,1584.0468427417163
naive,,int64_t,max,4096,0.1,False,44800.6,5591.376956230609
naive,,int64_t,max,4096,0.2,False,42141.0,1797.3238130311659
naive,,int64_t,max,4096,0.25,True,41005.3,1469.5663041258874
naive,,int64_t,max,4096,1.0,True,39644.8,1390.2275433259929
naive,,int64_t,mean,1024,0.001,False,32620.5,1123.5021881005243
naive,,int64_t,mean,1024,0.01,False,34932.5,1076.6493548659812
naive,,int64_t,mean,1024,0.05,False,37140.0,1696.028039600499
naive,,int64_t,mean,1024,0.1,False,35906.6,846.391713885087
naive,,int64_t,mean,1024,0.2,False,37322.3,2196.8845137299922
naive,,int64_t,mean,1024,0.25,True,36920.5,2557.9499278393505
naive,,int64_t,mean,1024,1.0,True,37680.3,6101.646754952488
naive,,int64_t,mean,2048,0.001,False,36896.0,1215.6087638161662
naive,,int64_t,mean,2048,0.01,False,38472.4,546.9024288359543
naive,,int64_t,mean,2048,0.05,False,39530.2,1805.1046630166468
naive,,int64_t,mean,2048,0.1,False,39215.8,1467.6261104245866
naive,,int64_t,mean,2048,0.2,False,39819.1,2054.2382448651524
naive,,int64_t,mean,2048,0.25,True,39052.7,1775.2374520359565
naive,,int64_t,mean,2048,1.0,True,36972.8,1374.1811137304037
naive,,int64_t,mean,4096,0.001,False,44911.7,1607.295316154855
naive,,int64_t,mean,4096,0.01,False,46892.7,2717.865831452645
naive,,int64_t,mean,4096,0.05,False,47067.4,1181.327426621804
naive,,int64_t,mean,4096,0.1,False,47106.4,6295.767258863511
naive,,int64_t,mean,4096,0.2,False,44999.2,1894.1320381055234
naive,,int64_t,mean,4096,0.25,True,42729.1,1405.882992602474
naive,,int64_t,mean,4096,1.0,True,42469.3,1073.6301918672439
naive,,int64_t,min,1024,0.001,False,29442.6,1307.8205109604637
naive,,int64_t,min,1024,0.01,False,32390.4,1689.5860242477545
naive,,int64_t,min,1024,0.05,False,33393.3,978.090889891573
naive,,int64_t,min,1024,0.1,False,33885.2,812.6354656301903
naive,,int64_t,min,1024,0.2,False,33752.1,1324.7077203837996
naive,,int64_t,min,1024,0.25,True,35143.9,1619.7832811144137
naive,,int64_t,min,1024,1.0,True,32959.2,930.0924446287881
naive,,int64_t,min,2048,0.001,False,33302.7,1037.815874271004
naive,,int64_t,min,2048,0.01,False,36616.0,1174.28190823158
naive,,int64_t,min,2048,0.05,False,36923.5,2007.1801806957371
naive,,int64_t,min,2048,0.1,False,37443.6,987.1261542702857
naive,,int64_t,min,2048,0.2,False,37789.6,2430.6851891779183
naive,,int64_t,min,2048,0.25,True,36313.5,1100.1584986819958
naive,,int64_t,min,2048,1.0,True,36083.8,1487.8858080436737
naive,,int64_t,min,4096,0.001,False,42558.8,1773.307756707782
naive,,int64_t,min,4096,0.01,False,43399.5,1154.416471161465
naive,,int64_t,min,4096,0.05,False,43502.2,1156.1707678558755
naive,,int64_t,min,4096,0.1,False,43303.5,1346.0701030118082
naive,,int64_t,min,4096,0.2,False,42097.6,1058.9799284636538
naive,,int64_t,min,4096,0.25,True,41405.2,1851.8110534765106
naive,,int64_t,min,4096,1.0,True,38541.2,1384.3768594168598
naive,,int64_t,min max,1024,0.001,False,31117.7,2506.1154557956374
naive,,int64_t,min max,1024,0.01,False,34770.2,1298.8543498877098
naive,,int64_t,min max,1024,0.05,False,36176.0,1161.0000478514687
naive,,int64_t,min max,1024,0.1,False,36221.7,982.0847496807777
naive,,int64_t,min max,1024,0.2,False,35451.9,766.1577223754618
naive,,int64_t,min max,1024,0.25,True,35107.4,504.05713961811585
naive,,int64_t,min max,1024,1.0,True,34765.8,824.9791647200682
naive,,int64_t,min max,2048,0.001,False,35957.0,3388.505832631512
naive,,int64_t,min max,2048,0.01,False,39237.2,1329.6690315011988
naive,,int64_t,min max,2048,0.05,False,39199.3,488.3791901108535
naive,,int64_t,min max,2048,0.1,False,39020.1,321.0332104661792
naive,,int64_t,min max,2048,0.2,False,38325.5,509.79020739472537
naive,,int64_t,min max,2048,0.25,True,37868.5,298.09851093593494
naive,,int64_t,min max,2048,1.0,True,36957.0,459.4639388582209
naive,,int64_t,min max,4096,0.001,False,44783.5,1986.5041460370078
naive,,int64_t,min max,4096,0.01,False,46001.3,297.8963466263602
naive,,int64_t,min max,4096,0.05,False,45808.6,751.0575063054617
naive,,int64_t,min max,4096,0.1,False,45192.7,544.3987611219475
naive,,int64_t,min max,4096,0.2,False,43294.5,1707.9423780287982
naive,,int64_t,min max,4096,0.25,True,42500.2,538.7091154891588
naive,,int64_t,min max,4096,1.0,True,40882.8,886.8354225371611
naive,,int64_t,min max mean,1024,0.001,False,34834.7,2544.4795167403313
naive,,int64_t,min max mean,1024,0.01,False,39782.0,1464.8569137556667
naive,,int64_t,min max mean,1024,0.05,False,40933.1,476.7807439251067
naive,,int64_t,min max mean,1024,0.1,False,40827.9,765.6459074242833
naive,,int64_t,min max mean,1024,0.2,False,40800.2,515.6561731317574
naive,,int64_t,min max mean,1024,0.25,True,40705.5,602.9490949583644
naive,,int64_t,min max mean,1024,1.0,True,40284.0,362.8354386709705
naive,,int64_t,min max mean,2048,0.001,False,39720.9,2911.1732056566702
naive,,int64_t,min max mean,2048,0.01,False,44069.2,761.4890091860233
naive,,int64_t,min max mean,2048,0.05,False,45056.7,1115.52917686829
naive,,int64_t,min max mean,2048,0.1,False,44201.5,753.5156490301536
naive,,int64_t,min max mean,2048,0.2,False,45454.6,6287.162267492208
naive,,int64_t,min max mean,2048,0.25,True,42971.2,687.0728248640498
naive,,int64_t,min max mean,2048,1.0,True,42264.8,1927.9821806461005
naive,,int64_t,min max mean,4096,0.001,False,49156.8,1724.785642075878
naive,,int64_t,min max mean,4096,0.01,False,51852.6,2154.6971016827397
naive,,int64_t,min max mean,4096,0.05,False,51288.2,1218.2762686134336
naive,,int64_t,min max mean,4096,0.1,False,49926.1,412.61185688785605
naive,,int64_t,min max mean,4096,0.2,False,48978.1,1369.559576408902
naive,,int64_t,min max mean,4096,0.25,True,47861.5,612.1632407563625
naive,,int64_t,min max mean,4096,1.0,True,45939.4,358.27804224590227
naive,,int64_t,,1024,0.001,False,27929.7,589.7052876783362
naive,,int64_t,,1024,0.01,False,30513.0,4464.777780761205
naive,,int64_t,,1024,0.05,False,33193.6,5187.036659332876
naive,,int64_t,,1024,0.1,False,34443.1,5974.7825672835825
naive,,int64_t,,1024,0.2,False,33183.25,5562.674119096243
naive,,int64_t,,1024,0.25,True,33406.65,5831.939338676285
naive,,int64_t,,1024,1.0,True,31649.85,5815.7039785213865
naive,,int64_t,,2048,0.001,False,31611.2,974.6007873672389
naive,,int64_t,,2048,0.01,False,34343.3,1951.4961089271717
naive,,int64_t,,2048,0.05,False,35082.0,1756.5083786337404
naive,,int64_t,,2048,0.1,False,38896.15,7245.569312381623
naive,,int64_t,,2048,0.2,False,36815.65,5304.482933033351
naive,,int64_t,,2048,0.25,True,34120.65,1657.9342973141381
naive,,int64_t,,2048,1.0,True,37614.35,8172.208065175919
naive,,int64_t,,4096,0.001,False,39304.2,1324.9968262126836
naive,,int64_t,,4096,0.01,False,45297.4,7283.124672108371
naive,,int64_t,,4096,0.05,False,46230.55,7132.779413052332
naive,,int64_t,,4096,0.1,False,43341.15,5632.984908227234
naive,,int64_t,,4096,0.2,False,42975.85,7329.83096146727
naive,,int64_t,,4096,0.25,True,41276.9,5724.862553165062
naive,,int64_t,,4096,1.0,True,37689.65,6897.757150926516
vectorized,,int64_t,max,1024,0.001,False,4115364.0,19411.18342033212
vectorized,,int64_t,max,1024,0.01,False,4138078.0,20720.413611272885
vectorized,,int64_t,max,1024,0.05,False,4280429.7,465657.0874739026
vectorized,,int64_t,max,1024,0.1,False,4093764.2,112110.52292051408
vectorized,,int64_t,max,1024,0.2,False,4107556.9,112799.3223181474
vectorized,,int64_t,max,1024,0.25,True,4131926.9,10618.664787899532
vectorized,,int64_t,max,1024,1.0,True,4139971.6,28180.42499166949
vectorized,,int64_t,max,2048,0.001,False,4144778.7,34252.427080427486
vectorized,,int64_t,max,2048,0.01,False,4146969.6,32743.68538003421
vectorized,,int64_t,max,2048,0.05,False,4132038.9,14243.067088938365
vectorized,,int64_t,max,2048,0.1,False,4143949.1,20612.874851789944
vectorized,,int64_t,max,2048,0.2,False,4098181.3,118432.30735558046
vectorized,,int64_t,max,2048,0.25,True,4143661.5,24756.35209732376
vectorized,,int64_t,max,2048,1.0,True,4107036.6,99657.30893773475
vectorized,,int64_t,max,4096,0.001,False,4169778.6,50954.75973449387
vectorized,,int64_t,max,4096,0.01,False,4139528.7,13813.120011625026
vectorized,,int64_t,max,4096,0.05,False,4095472.7,119773.84010806931
vectorized,,int64_t,max,4096,0.1,False,4151324.7,30333.79914678971
vectorized,,int64_t,max,4096,0.2,False,4116547.5,93045.7390107444
vectorized,,int64_t,max,4096,0.25,True,4148358.3,22923.5372442581
vectorized,,int64_t,max,4096,1.0,True,4113908.6,76381.25209790975
vectorized,,int64_t,mean,1024,0.001,False,32525.4,819.3679406849053
vectorized,,int64_t,mean,1024,0.01,False,34767.2,860.8615581045675
vectorized,,int64_t,mean,1024,0.05,False,35787.0,1203.4167099462168
vectorized,,int64_t,mean,1024,0.1,False,35874.1,1544.862270020643
vectorized,,int64_t,mean,1024,0.2,False,36156.1,1437.7689081814685
vectorized,,int64_t,mean,1024,0.25,True,36825.7,2271.7528743730527
vectorized,,int64_t,mean,1024,1.0,True,35530.6,2107.1965683765197
vectorized,,int64_t,mean,2048,0.001,False,36451.1,499.20613644732646
vectorized,,int64_t,mean,2048,0.01,False,39066.7,936.7011915345373
vectorized,,int64_t,mean,2048,0.05,False,39540.0,1322.1655636786866
vectorized,,int64_t,mean,2048,0.1,False,39496.8,1228.559481669488
vectorized,,int64_t,mean,2048,0.2,False,39306.8,1137.9723488146199
vectorized,,int64_t,mean,2048,0.25,True,38065.9,1386.6872153926186
vectorized,,int64_t,mean,2048,1.0,True,37160.2,1886.4226461744993
vectorized,,int64_t,mean,4096,0.001,False,44403.4,722.2085263658654
vectorized,,int64_t,mean,4096,0.01,False,48072.1,5706.802694056357
vectorized,,int64_t,mean,4096,0.05,False,45748.5,1215.2480542396818
vectorized,,int64_t,mean,4096,0.1,False,45770.7,2102.5961756309234
vectorized,,int64_t,mean,4096,0.2,False,44385.2,1712.0674181948689
vectorized,,int64_t,mean,4096,0.25,True,44507.1,5994.317206043292
vectorized,,int64_t,mean,4096,1.0,True,41022.1,1730.3744264047457
vectorized,,int64_t,min,1024,0.001,False,4131418.0,28380.70908988084
vectorized,,int64_t,min,1024,0.01,False,4111053.5,100523.71022052458
vectorized,,int64_t,min,1024,0.05,False,4131896.6,11388.138002129988
vectorized,,int64_t,min,1024,0.1,False,4121802.9,136502.80682051115
vectorized,,int64_t,min,1024,0.2,False,4134942.1,24962.93592263888
vectorized,,int64_t,min,1024,0.25,True,4117700.7,104204.20301936002
vectorized,,int64_t,min,1024,1.0,True,4121114.7,11605.35857122328
vectorized,,int64_t,min,2048,0.001,False,4128546.2,21479.9707262372
vectorized,,int64_t,min,2048,0.01,False,4140812.4,29778.834632074613
vectorized,,int64_t,min,2048,0.05,False,4112604.9,107269.19109464745
vectorized,,int64_t,min,2048,0.1,False,4145588.9,28658.562860183905
vectorized,,int64_t,min,2048,0.2,False,4145307.2,37241.39394634238
vectorized,,int64_t,min,2048,0.25,True,4131651.0,17578.2711449233
vectorized,,int64_t,min,2048,1.0,True,4137189.1,16250.996485344142
vectorized,,int64_t,min,4096,0.001,False,4138329.1,20696.370634324652
vectorized,,int64_t,min,4096,0.01,False,4124671.6,96389.81712723715
vectorized,,int64_t,min,4096,0.05,False,4152069.8,22198.6689330689
vectorized,,int64_t,min,4096,0.1,False,4119343.7,94527.0062551791
vectorized,,int64_t,min,4096,0.2,False,4149939.9,27870.09173708145
vectorized,,int64_t,min,4096,0.25,True,4140492.5,17012.220543871776
vectorized,,int64_t,min,4096,1.0,True,4158693.1,50172.05122033114
vectorized,,int64_t,min max,1024,0.001,False,4126202.6,21318.912632266693
vectorized,,int64_t,min max,1024,0.01,False,4113606.4,101971.18463696822
vectorized,,int64_t,min max,1024,0.05,False,4135428.2,13756.382137433908
vectorized,,int64_t,min max,1024,0.1,False,4149583.4,30788.12341796755
vectorized,,int64_t,min max,1024,0.2,False,4129134.2,75343.10436898355
vectorized,,int64_t,min max,1024,0.25,True,4120180.2,67278.6075209316
vectorized,,int64_t,min max,1024,1.0,True,4145383.1,25825.999907285586
vectorized,,int64_t,min max,2048,0.001,False,4135658.5,18350.742166341843
vectorized,,int64_t,min max,2048,0.01,False,4166980.6,33825.81435071278
vectorized,,int64_t,min max,2048,0.05,False,4149452.7,29504.84679600204
vectorized,,int64_t,min max,2048,0.1,False,4150931.3,21614.814199987984
vectorized,,int64_t,min max,2048,0.2,False,4131138.5,17075.204903602127
vectorized,,int64_t,min max,2048,0.25,True,4137592.3,18979.68855879592
vectorized,,int64_t,min max,2048,1.0,True,4141968.1,28430.173667543164
vectorized,,int64_t,min max,4096,0.001,False,4118498.8,93979.81736498298
vectorized,,int64_t,min max,4096,0.01,False,4135693.4,109526.461552753
vectorized,,int64_t,min max,4096,0.05,False,4169907.1,40377.58240644049
vectorized,,int64_t,min max,4096,0.1,False,4128216.8,101177.3579466605
vectorized,,int64_t,min max,4096,0.2,False,4143147.9,112459.60258831705
vectorized,,int64_t,min max,4096,0.25,True,4174302.2,57373.74940355761
vectorized,,int64_t,min max,4096,1.0,True,4167690.3,48468.1979034821
vectorized,,int64_t,min max mean,1024,0.001,False,4119057.7,96953.2479761365
vectorized,,int64_t,min max mean,1024,0.01,False,4110138.3,104701.51554039489
vectorized,,int64_t,min max mean,1024,0.05,False,4164735.9,30658.749305685877
vectorized,,int64_t,min max mean,1024,0.1,False,4157685.7,44180.35621568075
vectorized,,int64_t,min max mean,1024,0.2,False,4115376.5,113213.79139314749
vectorized,,int64_t,min max mean,1024,0.25,True,4145125.6,36664.21939772407
vectorized,,int64_t,min max mean,1024,1.0,True,4137900.5,17908.889668727843
vectorized,,int64_t,min max mean,2048,0.001,False,4136129.0,15388.509674429235
vectorized,,int64_t,min max mean,2048,0.01,False,4153691.3,17892.127865814786
vectorized,,int64_t,min max mean,2048,0.05,False,4148309.2,21822.69795826766
vectorized,,int64_t,min max mean,2048,0.1,False,4155375.1,16892.582773710663
vectorized,,int64_t,min max mean,2048,0.2,False,4142021.4,55301.083282940024
vectorized,,int64_t,min max mean,2048,0.25,True,4148468.5,19774.546491498768
vectorized,,int64_t,min max mean,2048,1.0,True,4162898.7,12962.523014444389
vectorized,,int64_t,min max mean,4096,0.001,False,4162991.4,19700.31524395258
vectorized,,int64_t,min max mean,4096,0.01,False,4163474.5,17014.70209521424
vectorized,,int64_t,min max mean,4096,0.05,False,4166850.6,34073.12993221749
vectorized,,int64_t,min max mean,4096,0.1,False,4128225.8,100469.35796859766
vectorized,,int64_t,min max mean,4096,0.2,False,4151323.4,10453.588753257052
vectorized,,int64_t,min max mean,4096,0.25,True,4155846.6,20459.552977629915
vectorized,,int64_t,min max mean,4096,1.0,True,4122762.5,77139.71626895937
vectorized,,int64_t,,1024,0.001,False,28161.65,2603.1857057115717
vectorized,,int64_t,,1024,0.01,False,28755.65,529.8815433660635
vectorized,,int64_t,,1024,0.05,False,29021.5,484.63871513791213
vectorized,,int64_t,,1024,0.1,False,29402.25,1185.9595659655786
vectorized,,int64_t,,1024,0.2,False,28565.2,595.1684060658358
vectorized,,int64_t,,1024,0.25,True,28270.75,487.97021856925465
vectorized,,int64_t,,1024,1.0,True,27832.35,366.7291091169121
vectorized,,int64_t,,2048,0.001,False,31470.35,633.7285052931217
vectorized,,int64_t,,2048,0.01,False,32594.35,1438.2212799148813
vectorized,,int64_t,,2048,0.05,False,32452.95,853.3067860111229
vectorized,,int64_t,,2048,0.1,False,32360.8,1736.991367429993
vectorized,,int64_t,,2048,0.2,False,31481.5,996.7570838526939
vectorized,,int64_t,,2048,0.25,True,31537.2,2971.816449669514
vectorized,,int64_t,,2048,1.0,True,29717.3,421.57987318381873
vectorized,,int64_t,,4096,0.001,False,38768.7,561.1968507245548
vectorized,,int64_t,,4096,0.01,False,39572.5,850.5920848073079
vectorized,,int64_t,,4096,0.05,False,39335.25,2210.432748176367
vectorized,,int64_t,,4096,0.1,False,37817.7,536.0758096428244
vectorized,,int64_t,,4096,0.2,False,36769.5,909.1872310215492
vectorized,,int64_t,,4096,0.25,True,36041.45,1126.971044086993
vectorized,,int64_t,,4096,1.0,True,34688.05,5355.460778986543
